,source,target,clique
0,2,2,0
1,3,3,0
2,868,868,0
3,2,2,0
4,868,3,0
5,3,868,0
6,3,2,0
7,2,3,0
8,868,868,0
9,3,2,0
10,868,3,0
11,2,868,0
12,868,2,0
13,2,3,0
14,3,868,0
15,868,2,0
16,3,3,0
17,2,868,0
0,2,2,1
1,3,3,1
2,868,868,1
3,2,2,1
4,868,3,1
5,3,868,1
6,3,2,1
7,2,3,1
8,868,868,1
9,3,2,1
10,868,3,1
11,2,868,1
12,868,2,1
13,2,3,1
14,3,868,1
15,868,2,1
16,3,3,1
17,2,868,1
0,2,2,2
1,3,3,2
2,868,868,2
3,2,2,2
4,868,3,2
5,3,868,2
6,3,2,2
7,2,3,2
8,868,868,2
9,3,2,2
10,868,3,2
11,2,868,2
12,868,2,2
13,2,3,2
14,3,868,2
15,868,2,2
16,3,3,2
17,2,868,2
0,2,2,3
1,3,3,3
2,868,868,3
3,2,2,3
4,868,3,3
5,3,868,3
6,3,2,3
7,2,3,3
8,868,868,3
9,3,2,3
10,868,3,3
11,2,868,3
12,868,2,3
13,2,3,3
14,3,868,3
15,868,2,3
16,3,3,3
17,2,868,3
0,2,2,4
1,3,3,4
2,868,868,4
3,2,2,4
4,868,3,4
5,3,868,4
6,3,2,4
7,2,3,4
8,868,868,4
9,3,2,4
10,868,3,4
11,2,868,4
12,868,2,4
13,2,3,4
14,3,868,4
15,868,2,4
16,3,3,4
17,2,868,4
0,2,2,5
1,3,3,5
2,868,868,5
3,2,2,5
4,868,3,5
5,3,868,5
6,3,2,5
7,2,3,5
8,868,868,5
9,3,2,5
10,868,3,5
11,2,868,5
12,868,2,5
13,2,3,5
14,3,868,5
15,868,2,5
16,3,3,5
17,2,868,5
0,2,2,6
1,3,3,6
2,868,868,6
3,2,2,6
4,868,3,6
5,3,868,6
6,3,2,6
7,2,3,6
8,868,868,6
9,3,2,6
10,868,3,6
11,2,868,6
12,868,2,6
13,2,3,6
14,3,868,6
15,868,2,6
16,3,3,6
17,2,868,6
0,2,2,7
1,3,3,7
2,868,868,7
3,2,2,7
4,868,3,7
5,3,868,7
6,3,2,7
7,2,3,7
8,868,868,7
9,3,2,7
10,868,3,7
11,2,868,7
12,868,2,7
13,2,3,7
14,3,868,7
15,868,2,7
16,3,3,7
17,2,868,7
0,2,2,8
1,3,3,8
2,868,868,8
3,2,2,8
4,868,3,8
5,3,868,8
6,3,2,8
7,2,3,8
8,868,868,8
9,3,2,8
10,868,3,8
11,2,868,8
12,868,2,8
13,2,3,8
14,3,868,8
15,868,2,8
16,3,3,8
17,2,868,8
0,2,2,9
1,3,3,9
2,868,868,9
3,2,2,9
4,868,3,9
5,3,868,9
6,3,2,9
7,2,3,9
8,868,868,9
9,3,2,9
10,868,3,9
11,2,868,9
12,868,2,9
13,2,3,9
14,3,868,9
15,868,2,9
16,3,3,9
17,2,868,9
0,2,2,10
1,3,3,10
2,868,868,10
3,2,2,10
4,868,3,10
5,3,868,10
6,3,2,10
7,2,3,10
8,868,868,10
9,3,2,10
10,868,3,10
11,2,868,10
12,868,2,10
13,2,3,10
14,3,868,10
15,868,2,10
16,3,3,10
17,2,868,10
0,2,2,11
1,3,3,11
2,868,868,11
3,2,2,11
4,868,3,11
5,3,868,11
6,3,2,11
7,2,3,11
8,868,868,11
9,3,2,11
10,868,3,11
11,2,868,11
12,868,2,11
13,2,3,11
14,3,868,11
15,868,2,11
16,3,3,11
17,2,868,11
0,2,2,12
1,3,3,12
2,868,868,12
3,2,2,12
4,868,3,12
5,3,868,12
6,3,2,12
7,2,3,12
8,868,868,12
9,3,2,12
10,868,3,12
11,2,868,12
12,868,2,12
13,2,3,12
14,3,868,12
15,868,2,12
16,3,3,12
17,2,868,12
0,2,2,13
1,3,3,13
2,868,868,13
3,2,2,13
4,868,3,13
5,3,868,13
6,3,2,13
7,2,3,13
8,868,868,13
9,3,2,13
10,868,3,13
11,2,868,13
12,868,2,13
13,2,3,13
14,3,868,13
15,868,2,13
16,3,3,13
17,2,868,13
0,2,2,14
1,3,3,14
2,868,868,14
3,2,2,14
4,868,3,14
5,3,868,14
6,3,2,14
7,2,3,14
8,868,868,14
9,3,2,14
10,868,3,14
11,2,868,14
12,868,2,14
13,2,3,14
14,3,868,14
15,868,2,14
16,3,3,14
17,2,868,14
0,2,2,15
1,3,3,15
2,868,868,15
3,2,2,15
4,868,3,15
5,3,868,15
6,3,2,15
7,2,3,15
8,868,868,15
9,3,2,15
10,868,3,15
11,2,868,15
12,868,2,15
13,2,3,15
14,3,868,15
15,868,2,15
16,3,3,15
17,2,868,15
0,2,2,16
1,3,3,16
2,868,868,16
3,2,2,16
4,868,3,16
5,3,868,16
6,3,2,16
7,2,3,16
8,868,868,16
9,3,2,16
10,868,3,16
11,2,868,16
12,868,2,16
13,2,3,16
14,3,868,16
15,868,2,16
16,3,3,16
17,2,868,16
0,2,2,17
1,3,3,17
2,868,868,17
3,2,2,17
4,868,3,17
5,3,868,17
6,3,2,17
7,2,3,17
8,868,868,17
9,3,2,17
10,868,3,17
11,2,868,17
12,868,2,17
13,2,3,17
14,3,868,17
15,868,2,17
16,3,3,17
17,2,868,17
0,2,2,18
1,3,3,18
2,868,868,18
3,2,2,18
4,868,3,18
5,3,868,18
6,3,2,18
7,2,3,18
8,868,868,18
9,3,2,18
10,868,3,18
11,2,868,18
12,868,2,18
13,2,3,18
14,3,868,18
15,868,2,18
16,3,3,18
17,2,868,18
0,2,2,19
1,3,3,19
2,868,868,19
3,2,2,19
4,868,3,19
5,3,868,19
6,3,2,19
7,2,3,19
8,868,868,19
9,3,2,19
10,868,3,19
11,2,868,19
12,868,2,19
13,2,3,19
14,3,868,19
15,868,2,19
16,3,3,19
17,2,868,19
0,2,2,20
1,3,3,20
2,868,868,20
3,2,2,20
4,868,3,20
5,3,868,20
6,3,2,20
7,2,3,20
8,868,868,20
9,3,2,20
10,868,3,20
11,2,868,20
12,868,2,20
13,2,3,20
14,3,868,20
15,868,2,20
16,3,3,20
17,2,868,20
0,2,2,21
1,3,3,21
2,868,868,21
3,2,2,21
4,868,3,21
5,3,868,21
6,3,2,21
7,2,3,21
8,868,868,21
9,3,2,21
10,868,3,21
11,2,868,21
12,868,2,21
13,2,3,21
14,3,868,21
15,868,2,21
16,3,3,21
17,2,868,21
0,2,2,22
1,3,3,22
2,868,868,22
3,2,2,22
4,868,3,22
5,3,868,22
6,3,2,22
7,2,3,22
8,868,868,22
9,3,2,22
10,868,3,22
11,2,868,22
12,868,2,22
13,2,3,22
14,3,868,22
15,868,2,22
16,3,3,22
17,2,868,22
0,2,2,23
1,3,3,23
2,868,868,23
3,2,2,23
4,868,3,23
5,3,868,23
6,3,2,23
7,2,3,23
8,868,868,23
9,3,2,23
10,868,3,23
11,2,868,23
12,868,2,23
13,2,3,23
14,3,868,23
15,868,2,23
16,3,3,23
17,2,868,23
0,2,2,24
1,3,3,24
2,868,868,24
3,2,2,24
4,868,3,24
5,3,868,24
6,3,2,24
7,2,3,24
8,868,868,24
9,3,2,24
10,868,3,24
11,2,868,24
12,868,2,24
13,2,3,24
14,3,868,24
15,868,2,24
16,3,3,24
17,2,868,24
0,2,2,25
1,3,3,25
2,868,868,25
3,2,2,25
4,868,3,25
5,3,868,25
6,3,2,25
7,2,3,25
8,868,868,25
9,3,2,25
10,868,3,25
11,2,868,25
12,868,2,25
13,2,3,25
14,3,868,25
15,868,2,25
16,3,3,25
17,2,868,25
0,2,2,26
1,3,3,26
2,868,868,26
3,2,2,26
4,868,3,26
5,3,868,26
6,3,2,26
7,2,3,26
8,868,868,26
9,3,2,26
10,868,3,26
11,2,868,26
12,868,2,26
13,2,3,26
14,3,868,26
15,868,2,26
16,3,3,26
17,2,868,26
0,2,2,27
1,3,3,27
2,868,868,27
3,2,2,27
4,868,3,27
5,3,868,27
6,3,2,27
7,2,3,27
8,868,868,27
9,3,2,27
10,868,3,27
11,2,868,27
12,868,2,27
13,2,3,27
14,3,868,27
15,868,2,27
16,3,3,27
17,2,868,27
0,2,2,28
1,3,3,28
2,868,868,28
3,2,2,28
4,868,3,28
5,3,868,28
6,3,2,28
7,2,3,28
8,868,868,28
9,3,2,28
10,868,3,28
11,2,868,28
12,868,2,28
13,2,3,28
14,3,868,28
15,868,2,28
16,3,3,28
17,2,868,28
0,2,2,29
1,3,3,29
2,868,868,29
3,2,2,29
4,868,3,29
5,3,868,29
6,3,2,29
7,2,3,29
8,868,868,29
9,3,2,29
10,868,3,29
11,2,868,29
12,868,2,29
13,2,3,29
14,3,868,29
15,868,2,29
16,3,3,29
17,2,868,29
0,2,2,30
1,3,3,30
2,868,868,30
3,2,2,30
4,868,3,30
5,3,868,30
6,3,2,30
7,2,3,30
8,868,868,30
9,3,2,30
10,868,3,30
11,2,868,30
12,868,2,30
13,2,3,30
14,3,868,30
15,868,2,30
16,3,3,30
17,2,868,30
0,2,2,31
1,3,3,31
2,868,868,31
3,2,2,31
4,868,3,31
5,3,868,31
6,3,2,31
7,2,3,31
8,868,868,31
9,3,2,31
10,868,3,31
11,2,868,31
12,868,2,31
13,2,3,31
14,3,868,31
15,868,2,31
16,3,3,31
17,2,868,31
0,2,2,32
1,3,3,32
2,868,868,32
3,2,2,32
4,868,3,32
5,3,868,32
6,3,2,32
7,2,3,32
8,868,868,32
9,3,2,32
10,868,3,32
11,2,868,32
12,868,2,32
13,2,3,32
14,3,868,32
15,868,2,32
16,3,3,32
17,2,868,32
0,2,2,33
1,3,3,33
2,868,868,33
3,2,2,33
4,868,3,33
5,3,868,33
6,3,2,33
7,2,3,33
8,868,868,33
9,3,2,33
10,868,3,33
11,2,868,33
12,868,2,33
13,2,3,33
14,3,868,33
15,868,2,33
16,3,3,33
17,2,868,33
0,2,2,34
1,3,3,34
2,868,868,34
3,2,2,34
4,868,3,34
5,3,868,34
6,3,2,34
7,2,3,34
8,868,868,34
9,3,2,34
10,868,3,34
11,2,868,34
12,868,2,34
13,2,3,34
14,3,868,34
15,868,2,34
16,3,3,34
17,2,868,34
0,2,2,35
1,3,3,35
2,868,868,35
3,2,2,35
4,868,3,35
5,3,868,35
6,3,2,35
7,2,3,35
8,868,868,35
9,3,2,35
10,868,3,35
11,2,868,35
12,868,2,35
13,2,3,35
14,3,868,35
15,868,2,35
16,3,3,35
17,2,868,35
0,2,2,36
1,3,3,36
2,868,868,36
3,2,2,36
4,868,3,36
5,3,868,36
6,3,2,36
7,2,3,36
8,868,868,36
9,3,2,36
10,868,3,36
11,2,868,36
12,868,2,36
13,2,3,36
14,3,868,36
15,868,2,36
16,3,3,36
17,2,868,36
0,2,2,37
1,3,3,37
2,868,868,37
3,2,2,37
4,868,3,37
5,3,868,37
6,3,2,37
7,2,3,37
8,868,868,37
9,3,2,37
10,868,3,37
11,2,868,37
12,868,2,37
13,2,3,37
14,3,868,37
15,868,2,37
16,3,3,37
17,2,868,37
0,2,2,38
1,3,3,38
2,868,868,38
3,2,2,38
4,868,3,38
5,3,868,38
6,3,2,38
7,2,3,38
8,868,868,38
9,3,2,38
10,868,3,38
11,2,868,38
12,868,2,38
13,2,3,38
14,3,868,38
15,868,2,38
16,3,3,38
17,2,868,38
0,2,2,39
1,3,3,39
2,868,868,39
3,2,2,39
4,868,3,39
5,3,868,39
6,3,2,39
7,2,3,39
8,868,868,39
9,3,2,39
10,868,3,39
11,2,868,39
12,868,2,39
13,2,3,39
14,3,868,39
15,868,2,39
16,3,3,39
17,2,868,39
0,2,2,40
1,3,3,40
2,868,868,40
3,2,2,40
4,868,3,40
5,3,868,40
6,3,2,40
7,2,3,40
8,868,868,40
9,3,2,40
10,868,3,40
11,2,868,40
12,868,2,40
13,2,3,40
14,3,868,40
15,868,2,40
16,3,3,40
17,2,868,40
0,2,2,41
1,3,3,41
2,868,868,41
3,2,2,41
4,868,3,41
5,3,868,41
6,3,2,41
7,2,3,41
8,868,868,41
9,3,2,41
10,868,3,41
11,2,868,41
12,868,2,41
13,2,3,41
14,3,868,41
15,868,2,41
16,3,3,41
17,2,868,41
0,2,2,42
1,3,3,42
2,868,868,42
3,2,2,42
4,868,3,42
5,3,868,42
6,3,2,42
7,2,3,42
8,868,868,42
9,3,2,42
10,868,3,42
11,2,868,42
12,868,2,42
13,2,3,42
14,3,868,42
15,868,2,42
16,3,3,42
17,2,868,42
0,2,2,43
1,3,3,43
2,868,868,43
3,2,2,43
4,868,3,43
5,3,868,43
6,3,2,43
7,2,3,43
8,868,868,43
9,3,2,43
10,868,3,43
11,2,868,43
12,868,2,43
13,2,3,43
14,3,868,43
15,868,2,43
16,3,3,43
17,2,868,43
0,2,2,44
1,3,3,44
2,868,868,44
3,2,2,44
4,868,3,44
5,3,868,44
6,3,2,44
7,2,3,44
8,868,868,44
9,3,2,44
10,868,3,44
11,2,868,44
12,868,2,44
13,2,3,44
14,3,868,44
15,868,2,44
16,3,3,44
17,2,868,44
0,2,2,45
1,3,3,45
2,868,868,45
3,2,2,45
4,868,3,45
5,3,868,45
6,3,2,45
7,2,3,45
8,868,868,45
9,3,2,45
10,868,3,45
11,2,868,45
12,868,2,45
13,2,3,45
14,3,868,45
15,868,2,45
16,3,3,45
17,2,868,45
0,2,2,46
1,3,3,46
2,868,868,46
3,2,2,46
4,868,3,46
5,3,868,46
6,3,2,46
7,2,3,46
8,868,868,46
9,3,2,46
10,868,3,46
11,2,868,46
12,868,2,46
13,2,3,46
14,3,868,46
15,868,2,46
16,3,3,46
17,2,868,46
0,2,2,47
1,3,3,47
2,868,868,47
3,2,2,47
4,868,3,47
5,3,868,47
6,3,2,47
7,2,3,47
8,868,868,47
9,3,2,47
10,868,3,47
11,2,868,47
12,868,2,47
13,2,3,47
14,3,868,47
15,868,2,47
16,3,3,47
17,2,868,47
0,2,2,48
1,3,3,48
2,868,868,48
3,2,2,48
4,868,3,48
5,3,868,48
6,3,2,48
7,2,3,48
8,868,868,48
9,3,2,48
10,868,3,48
11,2,868,48
12,868,2,48
13,2,3,48
14,3,868,48
15,868,2,48
16,3,3,48
17,2,868,48
0,2,2,49
1,3,3,49
2,868,868,49
3,2,2,49
4,868,3,49
5,3,868,49
6,3,2,49
7,2,3,49
8,868,868,49
9,3,2,49
10,868,3,49
11,2,868,49
12,868,2,49
13,2,3,49
14,3,868,49
15,868,2,49
16,3,3,49
17,2,868,49
0,2,2,50
1,3,3,50
2,868,868,50
3,2,2,50
4,868,3,50
5,3,868,50
6,3,2,50
7,2,3,50
8,868,868,50
9,3,2,50
10,868,3,50
11,2,868,50
12,868,2,50
13,2,3,50
14,3,868,50
15,868,2,50
16,3,3,50
17,2,868,50
0,2,2,51
1,3,3,51
2,868,868,51
3,2,2,51
4,868,3,51
5,3,868,51
6,3,2,51
7,2,3,51
8,868,868,51
9,3,2,51
10,868,3,51
11,2,868,51
12,868,2,51
13,2,3,51
14,3,868,51
15,868,2,51
16,3,3,51
17,2,868,51
0,2,2,52
1,3,3,52
2,868,868,52
3,2,2,52
4,868,3,52
5,3,868,52
6,3,2,52
7,2,3,52
8,868,868,52
9,3,2,52
10,868,3,52
11,2,868,52
12,868,2,52
13,2,3,52
14,3,868,52
15,868,2,52
16,3,3,52
17,2,868,52
0,2,2,53
1,3,3,53
2,868,868,53
3,2,2,53
4,868,3,53
5,3,868,53
6,3,2,53
7,2,3,53
8,868,868,53
9,3,2,53
10,868,3,53
11,2,868,53
12,868,2,53
13,2,3,53
14,3,868,53
15,868,2,53
16,3,3,53
17,2,868,53
0,2,2,54
1,3,3,54
2,868,868,54
3,2,2,54
4,868,3,54
5,3,868,54
6,3,2,54
7,2,3,54
8,868,868,54
9,3,2,54
10,868,3,54
11,2,868,54
12,868,2,54
13,2,3,54
14,3,868,54
15,868,2,54
16,3,3,54
17,2,868,54
0,2,2,55
1,3,3,55
2,868,868,55
3,2,2,55
4,868,3,55
5,3,868,55
6,3,2,55
7,2,3,55
8,868,868,55
9,3,2,55
10,868,3,55
11,2,868,55
12,868,2,55
13,2,3,55
14,3,868,55
15,868,2,55
16,3,3,55
17,2,868,55
0,2,2,56
1,3,3,56
2,868,868,56
3,2,2,56
4,868,3,56
5,3,868,56
6,3,2,56
7,2,3,56
8,868,868,56
9,3,2,56
10,868,3,56
11,2,868,56
12,868,2,56
13,2,3,56
14,3,868,56
15,868,2,56
16,3,3,56
17,2,868,56
0,2,2,57
1,3,3,57
2,868,868,57
3,2,2,57
4,868,3,57
5,3,868,57
6,3,2,57
7,2,3,57
8,868,868,57
9,3,2,57
10,868,3,57
11,2,868,57
12,868,2,57
13,2,3,57
14,3,868,57
15,868,2,57
16,3,3,57
17,2,868,57
0,2,2,58
1,3,3,58
2,868,868,58
3,2,2,58
4,868,3,58
5,3,868,58
6,3,2,58
7,2,3,58
8,868,868,58
9,3,2,58
10,868,3,58
11,2,868,58
12,868,2,58
13,2,3,58
14,3,868,58
15,868,2,58
16,3,3,58
17,2,868,58
0,2,2,59
1,3,3,59
2,868,868,59
3,2,2,59
4,868,3,59
5,3,868,59
6,3,2,59
7,2,3,59
8,868,868,59
9,3,2,59
10,868,3,59
11,2,868,59
12,868,2,59
13,2,3,59
14,3,868,59
15,868,2,59
16,3,3,59
17,2,868,59
0,2,2,60
1,3,3,60
2,868,868,60
3,2,2,60
4,868,3,60
5,3,868,60
6,3,2,60
7,2,3,60
8,868,868,60
9,3,2,60
10,868,3,60
11,2,868,60
12,868,2,60
13,2,3,60
14,3,868,60
15,868,2,60
16,3,3,60
17,2,868,60
0,2,2,61
1,3,3,61
2,868,868,61
3,2,2,61
4,868,3,61
5,3,868,61
6,3,2,61
7,2,3,61
8,868,868,61
9,3,2,61
10,868,3,61
11,2,868,61
12,868,2,61
13,2,3,61
14,3,868,61
15,868,2,61
16,3,3,61
17,2,868,61
0,2,2,62
1,3,3,62
2,868,868,62
3,2,2,62
4,868,3,62
5,3,868,62
6,3,2,62
7,2,3,62
8,868,868,62
9,3,2,62
10,868,3,62
11,2,868,62
12,868,2,62
13,2,3,62
14,3,868,62
15,868,2,62
16,3,3,62
17,2,868,62
0,2,2,63
1,3,3,63
2,868,868,63
3,2,2,63
4,868,3,63
5,3,868,63
6,3,2,63
7,2,3,63
8,868,868,63
9,3,2,63
10,868,3,63
11,2,868,63
12,868,2,63
13,2,3,63
14,3,868,63
15,868,2,63
16,3,3,63
17,2,868,63
0,2,2,64
1,3,3,64
2,868,868,64
3,2,2,64
4,868,3,64
5,3,868,64
6,3,2,64
7,2,3,64
8,868,868,64
9,3,2,64
10,868,3,64
11,2,868,64
12,868,2,64
13,2,3,64
14,3,868,64
15,868,2,64
16,3,3,64
17,2,868,64
0,2,2,65
1,3,3,65
2,868,868,65
3,2,2,65
4,868,3,65
5,3,868,65
6,3,2,65
7,2,3,65
8,868,868,65
9,3,2,65
10,868,3,65
11,2,868,65
12,868,2,65
13,2,3,65
14,3,868,65
15,868,2,65
16,3,3,65
17,2,868,65
0,2,2,66
1,3,3,66
2,868,868,66
3,2,2,66
4,868,3,66
5,3,868,66
6,3,2,66
7,2,3,66
8,868,868,66
9,3,2,66
10,868,3,66
11,2,868,66
12,868,2,66
13,2,3,66
14,3,868,66
15,868,2,66
16,3,3,66
17,2,868,66
0,2,2,67
1,3,3,67
2,868,868,67
3,2,2,67
4,868,3,67
5,3,868,67
6,3,2,67
7,2,3,67
8,868,868,67
9,3,2,67
10,868,3,67
11,2,868,67
12,868,2,67
13,2,3,67
14,3,868,67
15,868,2,67
16,3,3,67
17,2,868,67
0,2,2,68
1,3,3,68
2,868,868,68
3,2,2,68
4,868,3,68
5,3,868,68
6,3,2,68
7,2,3,68
8,868,868,68
9,3,2,68
10,868,3,68
11,2,868,68
12,868,2,68
13,2,3,68
14,3,868,68
15,868,2,68
16,3,3,68
17,2,868,68
0,2,2,69
1,3,3,69
2,868,868,69
3,2,2,69
4,868,3,69
5,3,868,69
6,3,2,69
7,2,3,69
8,868,868,69
9,3,2,69
10,868,3,69
11,2,868,69
12,868,2,69
13,2,3,69
14,3,868,69
15,868,2,69
16,3,3,69
17,2,868,69
0,2,2,70
1,3,3,70
2,868,868,70
3,2,2,70
4,868,3,70
5,3,868,70
6,3,2,70
7,2,3,70
8,868,868,70
9,3,2,70
10,868,3,70
11,2,868,70
12,868,2,70
13,2,3,70
14,3,868,70
15,868,2,70
16,3,3,70
17,2,868,70
0,2,2,71
1,3,3,71
2,868,868,71
3,2,2,71
4,868,3,71
5,3,868,71
6,3,2,71
7,2,3,71
8,868,868,71
9,3,2,71
10,868,3,71
11,2,868,71
12,868,2,71
13,2,3,71
14,3,868,71
15,868,2,71
16,3,3,71
17,2,868,71
0,2,2,72
1,3,3,72
2,868,868,72
3,2,2,72
4,868,3,72
5,3,868,72
6,3,2,72
7,2,3,72
8,868,868,72
9,3,2,72
10,868,3,72
11,2,868,72
12,868,2,72
13,2,3,72
14,3,868,72
15,868,2,72
16,3,3,72
17,2,868,72
0,2,2,73
1,3,3,73
2,868,868,73
3,2,2,73
4,868,3,73
5,3,868,73
6,3,2,73
7,2,3,73
8,868,868,73
9,3,2,73
10,868,3,73
11,2,868,73
12,868,2,73
13,2,3,73
14,3,868,73
15,868,2,73
16,3,3,73
17,2,868,73
0,2,2,74
1,3,3,74
2,868,868,74
3,2,2,74
4,868,3,74
5,3,868,74
6,3,2,74
7,2,3,74
8,868,868,74
9,3,2,74
10,868,3,74
11,2,868,74
12,868,2,74
13,2,3,74
14,3,868,74
15,868,2,74
16,3,3,74
17,2,868,74
0,2,2,75
1,3,3,75
2,868,868,75
3,2,2,75
4,868,3,75
5,3,868,75
6,3,2,75
7,2,3,75
8,868,868,75
9,3,2,75
10,868,3,75
11,2,868,75
12,868,2,75
13,2,3,75
14,3,868,75
15,868,2,75
16,3,3,75
17,2,868,75
0,2,2,76
1,3,3,76
2,868,868,76
3,2,2,76
4,868,3,76
5,3,868,76
6,3,2,76
7,2,3,76
8,868,868,76
9,3,2,76
10,868,3,76
11,2,868,76
12,868,2,76
13,2,3,76
14,3,868,76
15,868,2,76
16,3,3,76
17,2,868,76
0,2,2,77
1,3,3,77
2,868,868,77
3,2,2,77
4,868,3,77
5,3,868,77
6,3,2,77
7,2,3,77
8,868,868,77
9,3,2,77
10,868,3,77
11,2,868,77
12,868,2,77
13,2,3,77
14,3,868,77
15,868,2,77
16,3,3,77
17,2,868,77
0,2,2,78
1,3,3,78
2,868,868,78
3,2,2,78
4,868,3,78
5,3,868,78
6,3,2,78
7,2,3,78
8,868,868,78
9,3,2,78
10,868,3,78
11,2,868,78
12,868,2,78
13,2,3,78
14,3,868,78
15,868,2,78
16,3,3,78
17,2,868,78
0,2,2,79
1,3,3,79
2,868,868,79
3,2,2,79
4,868,3,79
5,3,868,79
6,3,2,79
7,2,3,79
8,868,868,79
9,3,2,79
10,868,3,79
11,2,868,79
12,868,2,79
13,2,3,79
14,3,868,79
15,868,2,79
16,3,3,79
17,2,868,79
0,2,2,80
1,3,3,80
2,868,868,80
3,2,2,80
4,868,3,80
5,3,868,80
6,3,2,80
7,2,3,80
8,868,868,80
9,3,2,80
10,868,3,80
11,2,868,80
12,868,2,80
13,2,3,80
14,3,868,80
15,868,2,80
16,3,3,80
17,2,868,80
0,2,2,81
1,3,3,81
2,868,868,81
3,2,2,81
4,868,3,81
5,3,868,81
6,3,2,81
7,2,3,81
8,868,868,81
9,3,2,81
10,868,3,81
11,2,868,81
12,868,2,81
13,2,3,81
14,3,868,81
15,868,2,81
16,3,3,81
17,2,868,81
0,2,2,82
1,3,3,82
2,868,868,82
3,2,2,82
4,868,3,82
5,3,868,82
6,3,2,82
7,2,3,82
8,868,868,82
9,3,2,82
10,868,3,82
11,2,868,82
12,868,2,82
13,2,3,82
14,3,868,82
15,868,2,82
16,3,3,82
17,2,868,82
0,2,2,83
1,3,3,83
2,868,868,83
3,2,2,83
4,868,3,83
5,3,868,83
6,3,2,83
7,2,3,83
8,868,868,83
9,3,2,83
10,868,3,83
11,2,868,83
12,868,2,83
13,2,3,83
14,3,868,83
15,868,2,83
16,3,3,83
17,2,868,83
0,2,2,84
1,3,3,84
2,868,868,84
3,2,2,84
4,868,3,84
5,3,868,84
6,3,2,84
7,2,3,84
8,868,868,84
9,3,2,84
10,868,3,84
11,2,868,84
12,868,2,84
13,2,3,84
14,3,868,84
15,868,2,84
16,3,3,84
17,2,868,84
0,2,2,85
1,3,3,85
2,868,868,85
3,2,2,85
4,868,3,85
5,3,868,85
6,3,2,85
7,2,3,85
8,868,868,85
9,3,2,85
10,868,3,85
11,2,868,85
12,868,2,85
13,2,3,85
14,3,868,85
15,868,2,85
16,3,3,85
17,2,868,85
0,2,2,86
1,3,3,86
2,868,868,86
3,2,2,86
4,868,3,86
5,3,868,86
6,3,2,86
7,2,3,86
8,868,868,86
9,3,2,86
10,868,3,86
11,2,868,86
12,868,2,86
13,2,3,86
14,3,868,86
15,868,2,86
16,3,3,86
17,2,868,86
0,2,2,87
1,3,3,87
2,868,868,87
3,2,2,87
4,868,3,87
5,3,868,87
6,3,2,87
7,2,3,87
8,868,868,87
9,3,2,87
10,868,3,87
11,2,868,87
12,868,2,87
13,2,3,87
14,3,868,87
15,868,2,87
16,3,3,87
17,2,868,87
0,2,2,88
1,3,3,88
2,868,868,88
3,2,2,88
4,868,3,88
5,3,868,88
6,3,2,88
7,2,3,88
8,868,868,88
9,3,2,88
10,868,3,88
11,2,868,88
12,868,2,88
13,2,3,88
14,3,868,88
15,868,2,88
16,3,3,88
17,2,868,88
0,2,2,89
1,3,3,89
2,868,868,89
3,2,2,89
4,868,3,89
5,3,868,89
6,3,2,89
7,2,3,89
8,868,868,89
9,3,2,89
10,868,3,89
11,2,868,89
12,868,2,89
13,2,3,89
14,3,868,89
15,868,2,89
16,3,3,89
17,2,868,89
0,2,2,90
1,3,3,90
2,868,868,90
3,2,2,90
4,868,3,90
5,3,868,90
6,3,2,90
7,2,3,90
8,868,868,90
9,3,2,90
10,868,3,90
11,2,868,90
12,868,2,90
13,2,3,90
14,3,868,90
15,868,2,90
16,3,3,90
17,2,868,90
0,2,2,91
1,3,3,91
2,868,868,91
3,2,2,91
4,868,3,91
5,3,868,91
6,3,2,91
7,2,3,91
8,868,868,91
9,3,2,91
10,868,3,91
11,2,868,91
12,868,2,91
13,2,3,91
14,3,868,91
15,868,2,91
16,3,3,91
17,2,868,91
0,2,2,92
1,3,3,92
2,868,868,92
3,2,2,92
4,868,3,92
5,3,868,92
6,3,2,92
7,2,3,92
8,868,868,92
9,3,2,92
10,868,3,92
11,2,868,92
12,868,2,92
13,2,3,92
14,3,868,92
15,868,2,92
16,3,3,92
17,2,868,92
0,2,2,93
1,3,3,93
2,868,868,93
3,2,2,93
4,868,3,93
5,3,868,93
6,3,2,93
7,2,3,93
8,868,868,93
9,3,2,93
10,868,3,93
11,2,868,93
12,868,2,93
13,2,3,93
14,3,868,93
15,868,2,93
16,3,3,93
17,2,868,93
0,2,2,94
1,3,3,94
2,868,868,94
3,2,2,94
4,868,3,94
5,3,868,94
6,3,2,94
7,2,3,94
8,868,868,94
9,3,2,94
10,868,3,94
11,2,868,94
12,868,2,94
13,2,3,94
14,3,868,94
15,868,2,94
16,3,3,94
17,2,868,94
0,2,2,95
1,3,3,95
2,868,868,95
3,2,2,95
4,868,3,95
5,3,868,95
6,3,2,95
7,2,3,95
8,868,868,95
9,3,2,95
10,868,3,95
11,2,868,95
12,868,2,95
13,2,3,95
14,3,868,95
15,868,2,95
16,3,3,95
17,2,868,95
0,2,2,96
1,3,3,96
2,868,868,96
3,2,2,96
4,868,3,96
5,3,868,96
6,3,2,96
7,2,3,96
8,868,868,96
9,3,2,96
10,868,3,96
11,2,868,96
12,868,2,96
13,2,3,96
14,3,868,96
15,868,2,96
16,3,3,96
17,2,868,96
0,2,2,97
1,3,3,97
2,868,868,97
3,2,2,97
4,868,3,97
5,3,868,97
6,3,2,97
7,2,3,97
8,868,868,97
9,3,2,97
10,868,3,97
11,2,868,97
12,868,2,97
13,2,3,97
14,3,868,97
15,868,2,97
16,3,3,97
17,2,868,97
0,2,2,98
1,3,3,98
2,868,868,98
3,2,2,98
4,868,3,98
5,3,868,98
6,3,2,98
7,2,3,98
8,868,868,98
9,3,2,98
10,868,3,98
11,2,868,98
12,868,2,98
13,2,3,98
14,3,868,98
15,868,2,98
16,3,3,98
17,2,868,98
0,2,2,99
1,3,3,99
2,868,868,99
3,2,2,99
4,868,3,99
5,3,868,99
6,3,2,99
7,2,3,99
8,868,868,99
9,3,2,99
10,868,3,99
11,2,868,99
12,868,2,99
13,2,3,99
14,3,868,99
15,868,2,99
16,3,3,99
17,2,868,99
0,2,2,100
1,3,3,100
2,868,868,100
3,2,2,100
4,868,3,100
5,3,868,100
6,3,2,100
7,2,3,100
8,868,868,100
9,3,2,100
10,868,3,100
11,2,868,100
12,868,2,100
13,2,3,100
14,3,868,100
15,868,2,100
16,3,3,100
17,2,868,100
0,2,2,101
1,3,3,101
2,868,868,101
3,2,2,101
4,868,3,101
5,3,868,101
6,3,2,101
7,2,3,101
8,868,868,101
9,3,2,101
10,868,3,101
11,2,868,101
12,868,2,101
13,2,3,101
14,3,868,101
15,868,2,101
16,3,3,101
17,2,868,101
0,2,2,102
1,3,3,102
2,868,868,102
3,2,2,102
4,868,3,102
5,3,868,102
6,3,2,102
7,2,3,102
8,868,868,102
9,3,2,102
10,868,3,102
11,2,868,102
12,868,2,102
13,2,3,102
14,3,868,102
15,868,2,102
16,3,3,102
17,2,868,102
0,2,2,103
1,3,3,103
2,868,868,103
3,2,2,103
4,868,3,103
5,3,868,103
6,3,2,103
7,2,3,103
8,868,868,103
9,3,2,103
10,868,3,103
11,2,868,103
12,868,2,103
13,2,3,103
14,3,868,103
15,868,2,103
16,3,3,103
17,2,868,103
0,2,2,104
1,3,3,104
2,868,868,104
3,2,2,104
4,868,3,104
5,3,868,104
6,3,2,104
7,2,3,104
8,868,868,104
9,3,2,104
10,868,3,104
11,2,868,104
12,868,2,104
13,2,3,104
14,3,868,104
15,868,2,104
16,3,3,104
17,2,868,104
0,2,2,105
1,3,3,105
2,868,868,105
3,2,2,105
4,868,3,105
5,3,868,105
6,3,2,105
7,2,3,105
8,868,868,105
9,3,2,105
10,868,3,105
11,2,868,105
12,868,2,105
13,2,3,105
14,3,868,105
15,868,2,105
16,3,3,105
17,2,868,105
0,2,2,106
1,3,3,106
2,868,868,106
3,2,2,106
4,868,3,106
5,3,868,106
6,3,2,106
7,2,3,106
8,868,868,106
9,3,2,106
10,868,3,106
11,2,868,106
12,868,2,106
13,2,3,106
14,3,868,106
15,868,2,106
16,3,3,106
17,2,868,106
0,2,2,107
1,3,3,107
2,868,868,107
3,2,2,107
4,868,3,107
5,3,868,107
6,3,2,107
7,2,3,107
8,868,868,107
9,3,2,107
10,868,3,107
11,2,868,107
12,868,2,107
13,2,3,107
14,3,868,107
15,868,2,107
16,3,3,107
17,2,868,107
0,2,2,108
1,3,3,108
2,868,868,108
3,2,2,108
4,868,3,108
5,3,868,108
6,3,2,108
7,2,3,108
8,868,868,108
9,3,2,108
10,868,3,108
11,2,868,108
12,868,2,108
13,2,3,108
14,3,868,108
15,868,2,108
16,3,3,108
17,2,868,108
0,2,2,109
1,3,3,109
2,868,868,109
3,2,2,109
4,868,3,109
5,3,868,109
6,3,2,109
7,2,3,109
8,868,868,109
9,3,2,109
10,868,3,109
11,2,868,109
12,868,2,109
13,2,3,109
14,3,868,109
15,868,2,109
16,3,3,109
17,2,868,109
0,2,2,110
1,3,3,110
2,868,868,110
3,2,2,110
4,868,3,110
5,3,868,110
6,3,2,110
7,2,3,110
8,868,868,110
9,3,2,110
10,868,3,110
11,2,868,110
12,868,2,110
13,2,3,110
14,3,868,110
15,868,2,110
16,3,3,110
17,2,868,110
0,2,2,111
1,3,3,111
2,868,868,111
3,2,2,111
4,868,3,111
5,3,868,111
6,3,2,111
7,2,3,111
8,868,868,111
9,3,2,111
10,868,3,111
11,2,868,111
12,868,2,111
13,2,3,111
14,3,868,111
15,868,2,111
16,3,3,111
17,2,868,111
0,2,2,112
1,3,3,112
2,868,868,112
3,2,2,112
4,868,3,112
5,3,868,112
6,3,2,112
7,2,3,112
8,868,868,112
9,3,2,112
10,868,3,112
11,2,868,112
12,868,2,112
13,2,3,112
14,3,868,112
15,868,2,112
16,3,3,112
17,2,868,112
0,2,2,113
1,3,3,113
2,868,868,113
3,2,2,113
4,868,3,113
5,3,868,113
6,3,2,113
7,2,3,113
8,868,868,113
9,3,2,113
10,868,3,113
11,2,868,113
12,868,2,113
13,2,3,113
14,3,868,113
15,868,2,113
16,3,3,113
17,2,868,113
0,2,2,114
1,3,3,114
2,868,868,114
3,2,2,114
4,868,3,114
5,3,868,114
6,3,2,114
7,2,3,114
8,868,868,114
9,3,2,114
10,868,3,114
11,2,868,114
12,868,2,114
13,2,3,114
14,3,868,114
15,868,2,114
16,3,3,114
17,2,868,114
0,2,2,115
1,3,3,115
2,868,868,115
3,2,2,115
4,868,3,115
5,3,868,115
6,3,2,115
7,2,3,115
8,868,868,115
9,3,2,115
10,868,3,115
11,2,868,115
12,868,2,115
13,2,3,115
14,3,868,115
15,868,2,115
16,3,3,115
17,2,868,115
0,2,2,116
1,3,3,116
2,868,868,116
3,2,2,116
4,868,3,116
5,3,868,116
6,3,2,116
7,2,3,116
8,868,868,116
9,3,2,116
10,868,3,116
11,2,868,116
12,868,2,116
13,2,3,116
14,3,868,116
15,868,2,116
16,3,3,116
17,2,868,116
0,2,2,117
1,3,3,117
2,868,868,117
3,2,2,117
4,868,3,117
5,3,868,117
6,3,2,117
7,2,3,117
8,868,868,117
9,3,2,117
10,868,3,117
11,2,868,117
12,868,2,117
13,2,3,117
14,3,868,117
15,868,2,117
16,3,3,117
17,2,868,117
0,2,2,118
1,3,3,118
2,868,868,118
3,2,2,118
4,868,3,118
5,3,868,118
6,3,2,118
7,2,3,118
8,868,868,118
9,3,2,118
10,868,3,118
11,2,868,118
12,868,2,118
13,2,3,118
14,3,868,118
15,868,2,118
16,3,3,118
17,2,868,118
0,2,2,119
1,3,3,119
2,868,868,119
3,2,2,119
4,868,3,119
5,3,868,119
6,3,2,119
7,2,3,119
8,868,868,119
9,3,2,119
10,868,3,119
11,2,868,119
12,868,2,119
13,2,3,119
14,3,868,119
15,868,2,119
16,3,3,119
17,2,868,119
0,2,2,120
1,3,3,120
2,868,868,120
3,2,2,120
4,868,3,120
5,3,868,120
6,3,2,120
7,2,3,120
8,868,868,120
9,3,2,120
10,868,3,120
11,2,868,120
12,868,2,120
13,2,3,120
14,3,868,120
15,868,2,120
16,3,3,120
17,2,868,120
0,2,2,121
1,3,3,121
2,868,868,121
3,2,2,121
4,868,3,121
5,3,868,121
6,3,2,121
7,2,3,121
8,868,868,121
9,3,2,121
10,868,3,121
11,2,868,121
12,868,2,121
13,2,3,121
14,3,868,121
15,868,2,121
16,3,3,121
17,2,868,121
0,2,2,122
1,3,3,122
2,868,868,122
3,2,2,122
4,868,3,122
5,3,868,122
6,3,2,122
7,2,3,122
8,868,868,122
9,3,2,122
10,868,3,122
11,2,868,122
12,868,2,122
13,2,3,122
14,3,868,122
15,868,2,122
16,3,3,122
17,2,868,122
0,2,2,123
1,3,3,123
2,868,868,123
3,2,2,123
4,868,3,123
5,3,868,123
6,3,2,123
7,2,3,123
8,868,868,123
9,3,2,123
10,868,3,123
11,2,868,123
12,868,2,123
13,2,3,123
14,3,868,123
15,868,2,123
16,3,3,123
17,2,868,123
0,2,2,124
1,3,3,124
2,868,868,124
3,2,2,124
4,868,3,124
5,3,868,124
6,3,2,124
7,2,3,124
8,868,868,124
9,3,2,124
10,868,3,124
11,2,868,124
12,868,2,124
13,2,3,124
14,3,868,124
15,868,2,124
16,3,3,124
17,2,868,124
0,2,2,125
1,3,3,125
2,868,868,125
3,2,2,125
4,868,3,125
5,3,868,125
6,3,2,125
7,2,3,125
8,868,868,125
9,3,2,125
10,868,3,125
11,2,868,125
12,868,2,125
13,2,3,125
14,3,868,125
15,868,2,125
16,3,3,125
17,2,868,125
0,2,2,126
1,3,3,126
2,868,868,126
3,2,2,126
4,868,3,126
5,3,868,126
6,3,2,126
7,2,3,126
8,868,868,126
9,3,2,126
10,868,3,126
11,2,868,126
12,868,2,126
13,2,3,126
14,3,868,126
15,868,2,126
16,3,3,126
17,2,868,126
0,2,2,127
1,3,3,127
2,868,868,127
3,2,2,127
4,868,3,127
5,3,868,127
6,3,2,127
7,2,3,127
8,868,868,127
9,3,2,127
10,868,3,127
11,2,868,127
12,868,2,127
13,2,3,127
14,3,868,127
15,868,2,127
16,3,3,127
17,2,868,127
0,2,2,128
1,3,3,128
2,868,868,128
3,2,2,128
4,868,3,128
5,3,868,128
6,3,2,128
7,2,3,128
8,868,868,128
9,3,2,128
10,868,3,128
11,2,868,128
12,868,2,128
13,2,3,128
14,3,868,128
15,868,2,128
16,3,3,128
17,2,868,128
0,2,2,129
1,3,3,129
2,868,868,129
3,2,2,129
4,868,3,129
5,3,868,129
6,3,2,129
7,2,3,129
8,868,868,129
9,3,2,129
10,868,3,129
11,2,868,129
12,868,2,129
13,2,3,129
14,3,868,129
15,868,2,129
16,3,3,129
17,2,868,129
0,2,2,130
1,3,3,130
2,868,868,130
3,2,2,130
4,868,3,130
5,3,868,130
6,3,2,130
7,2,3,130
8,868,868,130
9,3,2,130
10,868,3,130
11,2,868,130
12,868,2,130
13,2,3,130
14,3,868,130
15,868,2,130
16,3,3,130
17,2,868,130
0,2,2,131
1,3,3,131
2,868,868,131
3,2,2,131
4,868,3,131
5,3,868,131
6,3,2,131
7,2,3,131
8,868,868,131
9,3,2,131
10,868,3,131
11,2,868,131
12,868,2,131
13,2,3,131
14,3,868,131
15,868,2,131
16,3,3,131
17,2,868,131
0,2,2,132
1,3,3,132
2,868,868,132
3,2,2,132
4,868,3,132
5,3,868,132
6,3,2,132
7,2,3,132
8,868,868,132
9,3,2,132
10,868,3,132
11,2,868,132
12,868,2,132
13,2,3,132
14,3,868,132
15,868,2,132
16,3,3,132
17,2,868,132
0,2,2,133
1,3,3,133
2,868,868,133
3,2,2,133
4,868,3,133
5,3,868,133
6,3,2,133
7,2,3,133
8,868,868,133
9,3,2,133
10,868,3,133
11,2,868,133
12,868,2,133
13,2,3,133
14,3,868,133
15,868,2,133
16,3,3,133
17,2,868,133
0,2,2,134
1,3,3,134
2,868,868,134
3,2,2,134
4,868,3,134
5,3,868,134
6,3,2,134
7,2,3,134
8,868,868,134
9,3,2,134
10,868,3,134
11,2,868,134
12,868,2,134
13,2,3,134
14,3,868,134
15,868,2,134
16,3,3,134
17,2,868,134
0,2,2,135
1,3,3,135
2,868,868,135
3,2,2,135
4,868,3,135
5,3,868,135
6,3,2,135
7,2,3,135
8,868,868,135
9,3,2,135
10,868,3,135
11,2,868,135
12,868,2,135
13,2,3,135
14,3,868,135
15,868,2,135
16,3,3,135
17,2,868,135
0,2,2,136
1,3,3,136
2,868,868,136
3,2,2,136
4,868,3,136
5,3,868,136
6,3,2,136
7,2,3,136
8,868,868,136
9,3,2,136
10,868,3,136
11,2,868,136
12,868,2,136
13,2,3,136
14,3,868,136
15,868,2,136
16,3,3,136
17,2,868,136
0,2,2,137
1,3,3,137
2,868,868,137
3,2,2,137
4,868,3,137
5,3,868,137
6,3,2,137
7,2,3,137
8,868,868,137
9,3,2,137
10,868,3,137
11,2,868,137
12,868,2,137
13,2,3,137
14,3,868,137
15,868,2,137
16,3,3,137
17,2,868,137
0,2,2,138
1,3,3,138
2,868,868,138
3,2,2,138
4,868,3,138
5,3,868,138
6,3,2,138
7,2,3,138
8,868,868,138
9,3,2,138
10,868,3,138
11,2,868,138
12,868,2,138
13,2,3,138
14,3,868,138
15,868,2,138
16,3,3,138
17,2,868,138
0,2,2,139
1,3,3,139
2,868,868,139
3,2,2,139
4,868,3,139
5,3,868,139
6,3,2,139
7,2,3,139
8,868,868,139
9,3,2,139
10,868,3,139
11,2,868,139
12,868,2,139
13,2,3,139
14,3,868,139
15,868,2,139
16,3,3,139
17,2,868,139
0,2,2,140
1,3,3,140
2,868,868,140
3,2,2,140
4,868,3,140
5,3,868,140
6,3,2,140
7,2,3,140
8,868,868,140
9,3,2,140
10,868,3,140
11,2,868,140
12,868,2,140
13,2,3,140
14,3,868,140
15,868,2,140
16,3,3,140
17,2,868,140
0,2,2,141
1,3,3,141
2,868,868,141
3,2,2,141
4,868,3,141
5,3,868,141
6,3,2,141
7,2,3,141
8,868,868,141
9,3,2,141
10,868,3,141
11,2,868,141
12,868,2,141
13,2,3,141
14,3,868,141
15,868,2,141
16,3,3,141
17,2,868,141
0,2,2,142
1,3,3,142
2,868,868,142
3,2,2,142
4,868,3,142
5,3,868,142
6,3,2,142
7,2,3,142
8,868,868,142
9,3,2,142
10,868,3,142
11,2,868,142
12,868,2,142
13,2,3,142
14,3,868,142
15,868,2,142
16,3,3,142
17,2,868,142
0,2,2,143
1,3,3,143
2,868,868,143
3,2,2,143
4,868,3,143
5,3,868,143
6,3,2,143
7,2,3,143
8,868,868,143
9,3,2,143
10,868,3,143
11,2,868,143
12,868,2,143
13,2,3,143
14,3,868,143
15,868,2,143
16,3,3,143
17,2,868,143
0,2,2,144
1,3,3,144
2,868,868,144
3,2,2,144
4,868,3,144
5,3,868,144
6,3,2,144
7,2,3,144
8,868,868,144
9,3,2,144
10,868,3,144
11,2,868,144
12,868,2,144
13,2,3,144
14,3,868,144
15,868,2,144
16,3,3,144
17,2,868,144
0,2,2,145
1,3,3,145
2,868,868,145
3,2,2,145
4,868,3,145
5,3,868,145
6,3,2,145
7,2,3,145
8,868,868,145
9,3,2,145
10,868,3,145
11,2,868,145
12,868,2,145
13,2,3,145
14,3,868,145
15,868,2,145
16,3,3,145
17,2,868,145
0,2,2,146
1,3,3,146
2,868,868,146
3,2,2,146
4,868,3,146
5,3,868,146
6,3,2,146
7,2,3,146
8,868,868,146
9,3,2,146
10,868,3,146
11,2,868,146
12,868,2,146
13,2,3,146
14,3,868,146
15,868,2,146
16,3,3,146
17,2,868,146
0,2,2,147
1,3,3,147
2,868,868,147
3,2,2,147
4,868,3,147
5,3,868,147
6,3,2,147
7,2,3,147
8,868,868,147
9,3,2,147
10,868,3,147
11,2,868,147
12,868,2,147
13,2,3,147
14,3,868,147
15,868,2,147
16,3,3,147
17,2,868,147
0,2,2,148
1,3,3,148
2,868,868,148
3,2,2,148
4,868,3,148
5,3,868,148
6,3,2,148
7,2,3,148
8,868,868,148
9,3,2,148
10,868,3,148
11,2,868,148
12,868,2,148
13,2,3,148
14,3,868,148
15,868,2,148
16,3,3,148
17,2,868,148
0,2,2,149
1,3,3,149
2,868,868,149
3,2,2,149
4,868,3,149
5,3,868,149
6,3,2,149
7,2,3,149
8,868,868,149
9,3,2,149
10,868,3,149
11,2,868,149
12,868,2,149
13,2,3,149
14,3,868,149
15,868,2,149
16,3,3,149
17,2,868,149
0,2,2,150
1,3,3,150
2,868,868,150
3,2,2,150
4,868,3,150
5,3,868,150
6,3,2,150
7,2,3,150
8,868,868,150
9,3,2,150
10,868,3,150
11,2,868,150
12,868,2,150
13,2,3,150
14,3,868,150
15,868,2,150
16,3,3,150
17,2,868,150
0,2,2,151
1,3,3,151
2,868,868,151
3,2,2,151
4,868,3,151
5,3,868,151
6,3,2,151
7,2,3,151
8,868,868,151
9,3,2,151
10,868,3,151
11,2,868,151
12,868,2,151
13,2,3,151
14,3,868,151
15,868,2,151
16,3,3,151
17,2,868,151
0,2,2,152
1,3,3,152
2,868,868,152
3,2,2,152
4,868,3,152
5,3,868,152
6,3,2,152
7,2,3,152
8,868,868,152
9,3,2,152
10,868,3,152
11,2,868,152
12,868,2,152
13,2,3,152
14,3,868,152
15,868,2,152
16,3,3,152
17,2,868,152
0,2,2,153
1,3,3,153
2,868,868,153
3,2,2,153
4,868,3,153
5,3,868,153
6,3,2,153
7,2,3,153
8,868,868,153
9,3,2,153
10,868,3,153
11,2,868,153
12,868,2,153
13,2,3,153
14,3,868,153
15,868,2,153
16,3,3,153
17,2,868,153
0,2,2,154
1,3,3,154
2,868,868,154
3,2,2,154
4,868,3,154
5,3,868,154
6,3,2,154
7,2,3,154
8,868,868,154
9,3,2,154
10,868,3,154
11,2,868,154
12,868,2,154
13,2,3,154
14,3,868,154
15,868,2,154
16,3,3,154
17,2,868,154
0,2,2,155
1,3,3,155
2,868,868,155
3,2,2,155
4,868,3,155
5,3,868,155
6,3,2,155
7,2,3,155
8,868,868,155
9,3,2,155
10,868,3,155
11,2,868,155
12,868,2,155
13,2,3,155
14,3,868,155
15,868,2,155
16,3,3,155
17,2,868,155
0,2,2,156
1,3,3,156
2,868,868,156
3,2,2,156
4,868,3,156
5,3,868,156
6,3,2,156
7,2,3,156
8,868,868,156
9,3,2,156
10,868,3,156
11,2,868,156
12,868,2,156
13,2,3,156
14,3,868,156
15,868,2,156
16,3,3,156
17,2,868,156
0,2,2,157
1,3,3,157
2,868,868,157
3,2,2,157
4,868,3,157
5,3,868,157
6,3,2,157
7,2,3,157
8,868,868,157
9,3,2,157
10,868,3,157
11,2,868,157
12,868,2,157
13,2,3,157
14,3,868,157
15,868,2,157
16,3,3,157
17,2,868,157
0,2,2,158
1,3,3,158
2,868,868,158
3,2,2,158
4,868,3,158
5,3,868,158
6,3,2,158
7,2,3,158
8,868,868,158
9,3,2,158
10,868,3,158
11,2,868,158
12,868,2,158
13,2,3,158
14,3,868,158
15,868,2,158
16,3,3,158
17,2,868,158
0,2,2,159
1,3,3,159
2,868,868,159
3,2,2,159
4,868,3,159
5,3,868,159
6,3,2,159
7,2,3,159
8,868,868,159
9,3,2,159
10,868,3,159
11,2,868,159
12,868,2,159
13,2,3,159
14,3,868,159
15,868,2,159
16,3,3,159
17,2,868,159
0,2,2,160
1,3,3,160
2,868,868,160
3,2,2,160
4,868,3,160
5,3,868,160
6,3,2,160
7,2,3,160
8,868,868,160
9,3,2,160
10,868,3,160
11,2,868,160
12,868,2,160
13,2,3,160
14,3,868,160
15,868,2,160
16,3,3,160
17,2,868,160
0,2,2,161
1,3,3,161
2,868,868,161
3,2,2,161
4,868,3,161
5,3,868,161
6,3,2,161
7,2,3,161
8,868,868,161
9,3,2,161
10,868,3,161
11,2,868,161
12,868,2,161
13,2,3,161
14,3,868,161
15,868,2,161
16,3,3,161
17,2,868,161
0,2,2,162
1,3,3,162
2,868,868,162
3,2,2,162
4,868,3,162
5,3,868,162
6,3,2,162
7,2,3,162
8,868,868,162
9,3,2,162
10,868,3,162
11,2,868,162
12,868,2,162
13,2,3,162
14,3,868,162
15,868,2,162
16,3,3,162
17,2,868,162
0,2,2,163
1,3,3,163
2,868,868,163
3,2,2,163
4,868,3,163
5,3,868,163
6,3,2,163
7,2,3,163
8,868,868,163
9,3,2,163
10,868,3,163
11,2,868,163
12,868,2,163
13,2,3,163
14,3,868,163
15,868,2,163
16,3,3,163
17,2,868,163
