user,degree,closeness,betweenness,listed,followers,reply_sent,reply_recieved,mention_sent,mention_recieved,tweet_sent,tweet_recieved,score
Uber_Support,1.0,1.0,1.0,0.020191491004555633,0.027231936210680242,0.0,0.0,0.0,0.0,0.0,0.0,3.047423427215236
1975aregr8t,0.00037764350453172205,0.5019669551534225,0.0,0.0,1.7036565026980164e-06,0.0,0.0,0.0,0.0,1.0,1.0,2.5023463023144568
MrsKiraly,0.00037764350453172205,0.5019669551534225,0.0,0.0,3.223133924023274e-07,0.0,0.0,0.0,0.0,1.0,1.0,2.5023449209713466
ajb_neuk,0.00037764350453172205,0.5019669551534225,0.0,0.0,1.381343110295689e-07,0.0,0.0,0.6153846153846154,1.0,0.0,0.0,2.1177293521768807
Alex51354835,0.00037764350453172205,0.5019669551534225,0.0,0.0,4.604477034318963e-08,0.0,0.0,1.0,0.5652173913043478,0.0,0.0,2.067562036007072
SouravBharati,0.00037764350453172205,0.5019669551534225,0.0,0.0,4.604477034318963e-08,0.0,0.0,1.0,0.5652173913043478,0.0,0.0,2.067562036007072
BkChoudhary0707,0.0007552870090634442,0.0,0.0,0.0,7.367163254910341e-07,0.0,0.0,1.0,1.0,0.0,0.0,2.0007560237253887
John_ExWife,0.0,0.0,0.0,0.00042467763107095974,5.207663525814747e-05,0.0,0.0,0.0,0.0,1.0,1.0,2.0004767542663293
Deepthi59226703,0.0,0.0,0.0,0.0,0.0,0.0,0.0,0.0,0.0,1.0,1.0,2.0
OscarLo31708097,0.0,0.0,0.0,0.0,0.0,0.0,0.0,1.0,1.0,0.0,0.0,2.0
Yolo90069420,0.0,0.0,0.0,0.0,0.0,0.0,0.0,1.0,1.0,0.0,0.0,2.0
MrCheezal_Lando,0.00037764350453172205,0.5019669551534225,0.0,7.72141147401745e-05,1.8417908137275853e-06,0.0,0.0,0.3076923076923077,1.0,0.0,0.0,1.8101159622558158
melvin01853968,0.00037764350453172205,0.5019669551534225,0.0,0.0,0.0,0.0,0.0,0.3076923076923077,1.0,0.0,0.0,1.810036906350262
cammipham,0.00037764350453172205,0.5019669551534225,0.0,0.2319898077368543,0.04608114571176075,0.0019029495718363464,1.0,0.0,0.0,0.0,0.0,1.7823185016784056
shop_greek_ish,0.00037764350453172205,0.5019669551534225,0.0,0.0,0.0,0.0,0.0,1.0,0.1826086956521739,0.0,0.0,1.6849532943101282
shirseendub,0.00037764350453172205,0.5019669551534225,0.0,0.0,4.604477034318963e-08,0.0,0.0,0.15384615384615385,1.0,0.0,0.0,1.6561907985488784
skaijackson,0.0022658610271903325,0.5027591884114434,0.0,0.010462512547293645,0.03309877666872809,0.0,0.0,0.07692307692307693,1.0,0.0,0.0,1.6255094155777323
cxmzsw,0.0,0.0,0.0,0.0,1.8417908137275853e-07,0.0,0.0,0.6153846153846154,1.0,0.0,0.0,1.6153847995636967
directedbydanya,0.00037764350453172205,0.5019669551534225,0.0,0.000926569376882094,1.114283442305189e-05,0.0,0.0,0.07692307692307693,1.0,0.0,0.0,1.5802053877923363
DwayneChapman,0.00037764350453172205,0.5019669551534225,0.0,0.00034746351633078526,3.840133846622015e-05,0.0,0.0,0.07692307692307693,1.0,0.0,0.0,1.579653540435828
andy_kastrati,0.00037764350453172205,0.5019669551534225,0.0,0.000154428229480349,3.476380160910817e-05,0.0,0.0,0.07692307692307693,1.0,0.0,0.0,1.5794568676121206
probablyaparent,0.00037764350453172205,0.5019669551534225,0.0,3.860705737008725e-05,3.821715938484739e-06,0.0,0.0,0.07692307692307693,1.0,0.0,0.0,1.5793101043543398
Persimonka,0.00037764350453172205,0.5019669551534225,0.0,0.0,4.6044770343189633e-07,0.0,0.0,0.07692307692307693,1.0,0.0,0.0,1.5792681360287346
BourneFresh,0.0,0.0,0.0,0.0005018917458111343,3.011327980444602e-05,0.0,0.0,1.0,0.5652173913043478,0.0,0.0,1.5657493963299633
rdb11012,0.0,0.0,0.0,0.0,2.4403728281890506e-06,0.0,0.0,1.0,0.5652173913043478,0.0,0.0,1.565219831677176
KK66650581,0.0,0.0,0.0,0.0,0.0,0.0,0.0,1.0,0.5652173913043478,0.0,0.0,1.5652173913043477
M00NxBEAST,0.00037764350453172205,0.5019669551534225,0.0,3.860705737008725e-05,1.1971640289229304e-06,0.022835394862036156,1.0,0.0,0.0,0.0,0.0,1.5252197977413893
jaredfowler19,0.00037764350453172205,0.5019669551534225,0.0,0.0,2.3022385171594817e-07,0.022835394862036156,1.0,0.0,0.0,0.0,0.0,1.525180223743842
beswick_donna,0.00037764350453172205,0.5019669551534225,0.0,0.0,9.208954068637926e-08,0.022835394862036156,1.0,0.0,0.0,0.0,0.0,1.525180085609531
sarahwarhol19,0.00037764350453172205,0.5019669551534225,0.0,0.0,4.604477034318963e-08,0.022835394862036156,1.0,0.0,0.0,0.0,0.0,1.5251800395647606
rosieellensays,0.00037764350453172205,0.5019669551534225,0.0,0.01868581576712223,4.0151039739261356e-05,0.0009514747859181732,1.0,0.0,0.0,0.0,0.0,1.522022040250734
CyrusNowrasteh,0.0015105740181268886,0.5023622047244095,0.0,0.00011582117211026175,4.9636262429958424e-05,1.0,0.017384731670445956,0.0,0.0,0.0,0.0,1.5214229678475224
JackRonan,0.00037764350453172205,0.5019669551534225,0.0,7.72141147401745e-05,1.8463952907619042e-05,1.0,0.017384731670445956,0.0,0.0,0.0,0.0,1.5198250083960478
travisFTN,0.0033987915407854992,0.5023622047244095,0.006836083699815543,7.72141147401745e-05,3.867760708827929e-06,0.0028544243577545195,1.0,0.0,0.0,0.0,0.0,1.515532586198214
Railajunior,0.00037764350453172205,0.5019669551534225,0.0,0.0011582117211026174,0.010480756670287167,1.0,0.0011337868480725624,0.0,0.0,0.0,0.0,1.5151173538974165
brewnas,0.0015105740181268886,0.5019669551534225,0.0025183232947080525,0.006331557408694309,0.00012072938783984321,1.0,0.0007558578987150416,0.0,0.0,0.0,0.0,1.5132039971615066
taramcbride15,0.00037764350453172205,0.5019669551534225,0.0,0.0,4.604477034318963e-08,0.009514747859181731,1.0,0.0,0.0,0.0,0.0,1.5118593925619064
chanangad,0.0015105740181268886,0.5019669551534225,0.0007389444763911013,0.0,3.131044383336895e-06,0.007611798287345386,1.0,0.0,0.0,0.0,0.0,1.5118314029796691
Emmonspired,0.0015105740181268886,0.5020986358866737,3.140412243872025e-05,0.005211952744961779,0.00018790870777055687,1.0,0.0026455026455026454,0.0,0.0,0.0,0.0,1.5116859781254741
TheZain_Kapadia,0.0011329305135951663,0.5035516969218626,0.001232733338852685,0.0,1.0129849475501718e-06,0.005708848715509039,1.0,0.0,0.0,0.0,0.0,1.511627222474767
baldgalnaj,0.00037764350453172205,0.5022320490264773,3.042726153308391e-05,0.0002702494015906107,4.121006945715472e-05,0.008563273073263558,1.0,0.0,0.0,0.0,0.0,1.5115148523368536
vm_sandeep,0.00037764350453172205,0.5022303857255314,0.0006072818630039245,0.0,1.8417908137275853e-06,0.007611798287345386,1.0,0.0,0.0,0.0,0.0,1.5108289511712263
yur,0.0007552870090634442,0.5019669551534225,0.0012373571471393638,0.0,0.0,1.0,0.006424792139077854,0.0,0.0,0.0,0.0,1.5103843914487032
ahmedeljefe,0.0007552870090634442,0.5019669551534225,4.360900042939597e-05,0.0,4.144029330887067e-07,0.007611798287345386,1.0,0.0,0.0,0.0,0.0,1.5103780638531938
jeebz_19,0.00037764350453172205,0.5019669551534225,0.0,0.0,2.762686220591378e-07,0.007611798287345386,1.0,0.0,0.0,0.0,0.0,1.5099566732139218
Rachel25558900,0.00037764350453172205,0.5019669551534225,0.0,0.0,0.0,0.007611798287345386,1.0,0.0,0.0,0.0,0.0,1.5099563969452996
riyakumar2001,0.003021148036253777,0.5020986358866737,0.003108515975193169,0.0,4.604477034318963e-06,1.0,0.0015117157974300832,0.0,0.0,0.0,0.0,1.5097446201725848
rodrigosabato,0.0026435045317220545,0.5019669551534225,0.0037861077033805464,0.0,9.208954068637926e-08,1.0,0.0007558578987150416,0.0,0.0,0.0,0.0,1.5091525173767808
GeorgeAlvinNYC,0.00037764350453172205,0.5019669551534225,0.0,0.004941703343371168,0.0008565248179240136,0.0009514747859181732,1.0,0.0,0.0,0.0,0.0,1.5090943016051677
corenacharles,0.00037764350453172205,0.5019669551534225,0.0,0.0,0.0,0.006660323501427212,1.0,0.0,0.0,0.0,0.0,1.5090049221593813
REBECCA65446650,0.00037764350453172205,0.5019669551534225,0.0,0.0,0.0,0.006660323501427212,1.0,0.0,0.0,0.0,0.0,1.5090049221593813
SteveCoppinger1,0.0018882175226586106,0.5019669551534225,0.0041187711984646035,0.0,0.0,0.0009514747859181732,1.0,0.0,0.0,0.0,0.0,1.508925418660464
Tailynnrenee,0.00037764350453172205,0.5019669551534225,0.0,0.0,4.282163641916636e-06,1.0,0.006424792139077854,0.0,0.0,0.0,0.0,1.508773672960674
harman973,0.00037764350453172205,0.5019669551534225,0.0,0.0,4.604477034318963e-08,1.0,0.006424792139077854,0.0,0.0,0.0,0.0,1.5087694368418023
beckybabyxxxo,0.00037764350453172205,0.5019669551534225,0.0,0.0,4.604477034318963e-08,1.0,0.006424792139077854,0.0,0.0,0.0,0.0,1.5087694368418023
thekimberleyash,0.0026435045317220545,0.5024940929377789,0.001267784408672485,0.0002702494015906107,1.4596192198791114e-05,0.0019029495718363464,1.0,0.0,0.0,0.0,0.0,1.508593177043799
RonBoone11,0.0018882175226586106,0.5020986358866737,0.0025057927964156146,0.0,2.3022385171594817e-07,0.0019029495718363464,1.0,0.0,0.0,0.0,0.0,1.508395826001436
themilkyoneja,0.00037764350453172205,0.5019669551534225,0.0,0.003976526909118987,0.0008765082482529578,0.0009514747859181732,1.0,0.0,0.0,0.0,0.0,1.5081491086012444
Ishieta,0.00037764350453172205,0.5019669551534225,0.0,0.0018917458111342752,6.690305130865453e-05,0.003805899143672693,1.0,0.0,0.0,0.0,0.0,1.50810914666407
SQuentavius,0.00037764350453172205,0.5019669551534225,0.0,0.0,4.604477034318963e-08,0.005708848715509039,1.0,0.0,0.0,0.0,0.0,1.5080534934182337
yunjin97637781,0.00037764350453172205,0.5019669551534225,0.0,0.0,0.0,0.005708848715509039,1.0,0.0,0.0,0.0,0.0,1.5080534473734633
saadnabs,0.0011329305135951663,0.5019669551534225,0.0016467704067016215,0.00019303528685043624,5.663506752212325e-06,0.0028544243577545195,1.0,0.0,0.0,0.0,0.0,1.5077997792250764
Abel_Seloane,0.0007552870090634442,0.5019669551534225,0.0012367059065356062,0.0013512470079530537,0.000487568073164035,0.0019029495718363464,1.0,0.0,0.0,0.0,0.0,1.507700712721975
RJdaboy,0.0011329305135951663,0.5019669551534225,0.00064845459449903,3.860705737008725e-05,6.151581317850135e-05,0.003805899143672693,1.0,0.0,0.0,0.0,0.0,1.507654362275738
dacy_essex,0.00037764350453172205,0.5022320490264773,0.0004107157407697689,0.001698710524283839,4.309790504122549e-05,0.0028544243577545195,1.0,0.0,0.0,0.0,0.0,1.5076166410588585
saradianebrown,0.00037764350453172205,0.5019669551534225,0.0,0.002200602270094973,4.231514394539127e-05,0.0028544243577545195,1.0,0.0,0.0,0.0,0.0,1.5074419404297492
CorinneAselin,0.003021148036253777,0.5027580772261624,0.0012360546659318486,0.0,2.53246236887543e-06,1.0,0.0003779289493575208,0.0,0.0,0.0,0.0,1.5073957413400743
ArvindNarayana2,0.0011329305135951663,0.5035516969218626,0.0006570021274233362,0.0,1.381343110295689e-06,0.0019029495718363464,1.0,0.0,0.0,0.0,0.0,1.5072459604778279
KillaTart,0.00037764350453172205,0.5019669551534225,0.0,0.0,3.821715938484739e-06,0.004757373929590866,1.0,0.0,0.0,0.0,0.0,1.5071057943034836
Bo7mooh,0.00037764350453172205,0.5019669551534225,0.0,0.0,2.3482832875026714e-06,0.004757373929590866,1.0,0.0,0.0,0.0,0.0,1.5071043208708326
WithLoveEmilyM,0.00037764350453172205,0.5019669551534225,0.0,0.0,9.208954068637927e-07,0.004757373929590866,1.0,0.0,0.0,0.0,0.0,1.5071028934829518
SxFHBUffxT0OmU4,0.00037764350453172205,0.5019669551534225,0.0,0.0,4.604477034318963e-08,0.004757373929590866,1.0,0.0,0.0,0.0,0.0,1.5071020186323154
AquariusGiants1,0.00037764350453172205,0.5019669551534225,0.0,0.003397421048567678,3.094208567062343e-05,1.0,0.0011337868480725624,0.0,0.0,0.0,0.0,1.506906748640265
mercerch,0.00037764350453172205,0.5019669551534225,0.0,0.0025480657864257582,5.465514239736609e-05,0.0019029495718363464,1.0,0.0,0.0,0.0,0.0,1.5068502691586136
tallulahlucy,0.00037764350453172205,0.5019669551534225,0.0,0.0034746351633078523,7.37176773194466e-05,0.0009514747859181732,1.0,0.0,0.0,0.0,0.0,1.5068444262844998
PaulSey06641252,0.0007552870090634442,0.5019669551534225,0.0012373571471393638,0.0,0.0,0.0028544243577545195,1.0,0.0,0.0,0.0,0.0,1.50681402366738
sara_segundo,0.0007552870090634442,0.5020986358866737,0.0,3.860705737008725e-05,1.749701273041206e-06,0.003805899143672693,1.0,0.0,0.0,0.0,0.0,1.5067001787980532
makaylabez,0.00037764350453172205,0.5022320490264773,4.360900042939597e-05,7.72141147401745e-05,8.656416824519651e-06,0.003805899143672693,1.0,0.0,0.0,0.0,0.0,1.506545071206676
kelona_renee,0.00037764350453172205,0.5019669551534225,0.0,0.0,1.0774476260306373e-05,1.0,0.0041572184429327285,0.0,0.0,0.0,0.0,1.5065125915771473
Menna52743306,0.00037764350453172205,0.5019669551534225,0.0,0.0,0.0,1.0,0.0041572184429327285,0.0,0.0,0.0,0.0,1.506501817100887
HaydnSchneider,0.00037764350453172205,0.5019669551534225,0.0,0.0006563199752914833,0.002453909990669948,0.0009514747859181732,1.0,0.0,0.0,0.0,0.0,1.5064063034098338
JasonGehrmann,0.00037764350453172205,0.5019669551534225,0.0,0.003049957532236893,9.254998838981116e-06,0.0009514747859181732,1.0,0.0,0.0,0.0,0.0,1.5063552859749483
KevinHank777,0.0011329305135951663,0.5019669551534225,0.0024747142942787275,0.0,3.223133924023274e-07,1.0,0.0007558578987150416,0.0,0.0,0.0,0.0,1.5063307801734038
SwatiSr78281405,0.0015105740181268886,0.5019669551534225,0.0009362703793296939,0.0,4.604477034318963e-08,0.0019029495718363464,1.0,0.0,0.0,0.0,0.0,1.5063167951674856
miss_nightowl,0.0015105740181268886,0.5019669551534225,0.0010252697905156311,0.0010037834916222686,5.3089620205697644e-05,1.0,0.0007558578987150416,0.0,0.0,0.0,0.0,1.5063155299726079
iamcalliegray,0.00037764350453172205,0.5019669551534225,0.0,0.000154428229480349,6.2160439963306006e-06,0.003805899143672693,1.0,0.0,0.0,0.0,0.0,1.5063111420751034
duelking13,0.0011329305135951663,0.5019669551534225,0.001267784408672485,0.0,2.53246236887543e-06,0.0019029495718363464,1.0,0.0,0.0,0.0,0.0,1.5062731521098955
MikeAll00411088,0.003021148036253777,0.5027580772261624,3.3683464551871705e-05,0.0,0.0,1.0,0.0003779289493575208,0.0,0.0,0.0,0.0,1.5061908376763256
RTraductor,0.00037764350453172205,0.5019669551534225,0.0,3.860705737008725e-05,1.7036565026980164e-06,0.003805899143672693,1.0,0.0,0.0,0.0,0.0,1.5061908085154996
MelyMelsZ,0.00037764350453172205,0.5019669551534225,0.0,3.860705737008725e-05,1.2892535696093097e-06,0.003805899143672693,1.0,0.0,0.0,0.0,0.0,1.5061903941125667
suziebasak,0.0007552870090634442,0.5019669551534225,0.0006072818630039245,0.0,1.1511192585797408e-06,0.0028544243577545195,1.0,0.0,0.0,0.0,0.0,1.506185099502503
vali05,0.00037764350453172205,0.5019669551534225,0.0,0.0,2.6705966799049986e-06,0.003805899143672693,1.0,0.0,0.0,0.0,0.0,1.5061531683983067
findsomebzness,0.00037764350453172205,0.5019669551534225,0.0,0.0,6.446267848046548e-07,0.003805899143672693,1.0,0.0,0.0,0.0,0.0,1.5061511424284117
Edwardw83,0.00037764350453172205,0.5019669551534225,0.0,0.0,2.762686220591378e-07,0.003805899143672693,1.0,0.0,0.0,0.0,0.0,1.506150774070249
4dpeople1,0.00037764350453172205,0.5019669551534225,0.0,0.0,9.208954068637926e-08,0.003805899143672693,1.0,0.0,0.0,0.0,0.0,1.5061505898911676
jennyhall3008,0.00037764350453172205,0.5019669551534225,0.0,0.0,9.208954068637926e-08,0.003805899143672693,1.0,0.0,0.0,0.0,0.0,1.5061505898911676
WonderWheeled,0.00037764350453172205,0.5019669551534225,0.0,0.0,4.604477034318963e-08,0.003805899143672693,1.0,0.0,0.0,0.0,0.0,1.5061505438463971
danemartin110,0.00037764350453172205,0.5019669551534225,0.0,0.0,0.0,0.003805899143672693,1.0,0.0,0.0,0.0,0.0,1.506150497801627
Bj10633103,0.00037764350453172205,0.5019669551534225,0.0,0.0,0.0,0.003805899143672693,1.0,0.0,0.0,0.0,0.0,1.506150497801627
CVREENSWORLD,0.00037764350453172205,0.5022320490264773,0.000615422370550894,0.0,0.0,0.0028544243577545195,1.0,0.0,0.0,0.0,0.0,1.5060795392593145
jeremyking05,0.00037764350453172205,0.5019669551534225,0.0,0.0025866728437958456,0.0001571968459516494,0.0009514747859181732,1.0,0.0,0.0,0.0,0.0,1.50603994313362
sunil19sandy,0.0015105740181268886,0.5019669551534225,0.0015663456634651407,0.0,1.4734326509820682e-06,0.0009514747859181732,1.0,0.0,0.0,0.0,0.0,1.5059968230535836
TheFlashfan10,0.00037764350453172205,0.5019669551534225,0.0,0.0006563199752914833,7.813797527239281e-05,0.0028544243577545195,1.0,0.0,0.0,0.0,0.0,1.5059334809662726
Listen2Juju,0.00037764350453172205,0.5019669551534225,0.0,0.00042467763107095974,0.000246938103350526,0.0028544243577545195,1.0,0.0,0.0,0.0,0.0,1.5058706387501304
mpk730,0.0007552870090634442,0.5019669551534225,0.0012373571471393638,0.0,2.900820531620947e-06,0.0019029495718363464,1.0,0.0,0.0,0.0,0.0,1.5058654497019934
BPReports,0.00037764350453172205,0.5019669551534225,0.0,0.001389854065323141,0.00014085095247981709,0.0019029495718363464,1.0,0.0,0.0,0.0,0.0,1.5057782532475934
vheywood,0.00037764350453172205,0.5022320490264773,3.042726153308391e-05,0.0011582117211026174,3.015932457478921e-05,0.0019029495718363464,1.0,0.0,0.0,0.0,0.0,1.505731440410056
mikaandandrea,0.0007552870090634442,0.5020986358866737,0.0,0.0,4.604477034318963e-08,0.0028544243577545195,1.0,0.0,0.0,0.0,0.0,1.505708393298262
rosaboots,0.0007552870090634442,0.5019669551534225,3.042726153308391e-05,7.72141147401745e-05,1.0728431489963185e-05,0.0028544243577545195,1.0,0.0,0.0,0.0,0.0,1.5056950363280037
JL3M0N5,0.0015105740181268886,0.5020986358866737,0.0012671331680687275,0.0,6.446267848046548e-07,1.0,0.0007558578987150416,0.0,0.0,0.0,0.0,1.5056328455983692
nct833,0.0007552870090634442,0.5019669551534225,4.360900042939597e-05,0.0,0.0,0.0028544243577545195,1.0,0.0,0.0,0.0,0.0,1.5056202755206698
sssoheilaa,0.0007552870090634442,0.5019669551534225,3.042726153308391e-05,0.0,5.525372441182756e-07,0.0028544243577545195,1.0,0.0,0.0,0.0,0.0,1.5056076463190178
theatregrl1216,0.0007552870090634442,0.5022320490264773,0.0012684356492762426,0.0003860705737008725,1.0682386719619994e-05,0.0009514747859181732,1.0,0.0,0.0,0.0,0.0,1.5056039994311559
BRONZEDBARBIES,0.00037764350453172205,0.5022320490264773,4.360900042939597e-05,0.0,5.939775374271462e-06,0.0028544243577545195,1.0,0.0,0.0,0.0,0.0,1.5055136656645671
dougiehd,0.0011329305135951663,0.5019669551534225,0.001267784408672485,7.72141147401745e-05,3.72962639779836e-06,0.0009514747859181732,1.0,0.0,0.0,0.0,0.0,1.5054000886027463
hezako,0.00037764350453172205,0.5019669551534225,0.0,0.000154428229480349,3.867760708827929e-06,0.0028544243577545195,1.0,0.0,0.0,0.0,0.0,1.5053573190058978
Zirachukwu,0.0007552870090634442,0.5022320490264773,0.0,0.00019303528685043624,0.00026144220600863075,0.0019029495718363464,1.0,0.0,0.0,0.0,0.0,1.5053447631002363
docbarrantes,0.0007552870090634442,0.5022320490264773,0.0012684356492762426,7.72141147401745e-05,5.203059048780428e-06,0.0009514747859181732,1.0,0.0,0.0,0.0,0.0,1.505289663644524
CMatthews55,0.00037764350453172205,0.5019669551534225,0.0,3.860705737008725e-05,5.939775374271462e-06,0.0028544243577545195,1.0,0.0,0.0,0.0,0.0,1.505243569848453
cyclegigs,0.00037764350453172205,0.5019669551534225,0.0,3.860705737008725e-05,4.558432263975774e-06,0.0028544243577545195,1.0,0.0,0.0,0.0,0.0,1.5052421885053429
Enjoli311,0.00037764350453172205,0.5019669551534225,0.0,3.860705737008725e-05,3.407313005396033e-06,0.0028544243577545195,1.0,0.0,0.0,0.0,0.0,1.5052410373860843
chrisdolmannn,0.0007552870090634442,0.5019669551534225,0.000615422370550894,0.0,0.0,0.0019029495718363464,1.0,0.0,0.0,0.0,0.0,1.5052406141048733
Beezy2403,0.00037764350453172205,0.5019669551534225,0.0,3.860705737008725e-05,1.6576117323548268e-06,0.0028544243577545195,1.0,0.0,0.0,0.0,0.0,1.505239287684811
safiyatahirah,0.00037764350453172205,0.5019669551534225,0.0,0.0,3.77567116814155e-06,0.0028544243577545195,1.0,0.0,0.0,0.0,0.0,1.5052027986868768
Jessw1303,0.00037764350453172205,0.5019669551534225,0.0,0.0,1.8417908137275853e-06,0.0028544243577545195,1.0,0.0,0.0,0.0,0.0,1.5052008648065225
rhikerry,0.00037764350453172205,0.5019669551534225,0.0,0.0,1.2892535696093097e-06,0.0028544243577545195,1.0,0.0,0.0,0.0,0.0,1.5052003122692783
lagatoprincess,0.00037764350453172205,0.5019669551534225,0.0,0.0,1.24320879926612e-06,0.0028544243577545195,1.0,0.0,0.0,0.0,0.0,1.505200266224508
Tanktrades1,0.00037764350453172205,0.5019669551534225,0.0,0.0,9.669401772069822e-07,0.0028544243577545195,1.0,0.0,0.0,0.0,0.0,1.5051999899558859
mrscheifcheese,0.00037764350453172205,0.5019669551534225,0.0,0.0,7.827610958342237e-07,0.0028544243577545195,1.0,0.0,0.0,0.0,0.0,1.5051998057768046
prazuch_james,0.00037764350453172205,0.5019669551534225,0.0,0.0,6.906715551478445e-07,0.0028544243577545195,1.0,0.0,0.0,0.0,0.0,1.505199713687264
jonnyboi98x,0.00037764350453172205,0.5019669551534225,0.0,0.0,6.446267848046548e-07,0.0028544243577545195,1.0,0.0,0.0,0.0,0.0,1.5051996676424935
samuelecannill1,0.00037764350453172205,0.5019669551534225,0.0,0.0,5.064924737750859e-07,0.0028544243577545195,1.0,0.0,0.0,0.0,0.0,1.5051995295081824
Jasdeepmajithia,0.00037764350453172205,0.5019669551534225,0.0,0.0,5.064924737750859e-07,0.0028544243577545195,1.0,0.0,0.0,0.0,0.0,1.5051995295081824
AshleyB85439974,0.00037764350453172205,0.5019669551534225,0.0,0.0,3.223133924023274e-07,0.0028544243577545195,1.0,0.0,0.0,0.0,0.0,1.505199345329101
2019Express,0.00037764350453172205,0.5019669551534225,0.0,0.0,3.223133924023274e-07,0.0028544243577545195,1.0,0.0,0.0,0.0,0.0,1.505199345329101
CGillustrations,0.00037764350453172205,0.5019669551534225,0.0,0.0,1.8417908137275853e-07,0.0028544243577545195,1.0,0.0,0.0,0.0,0.0,1.50519920719479
MuktarJohar,0.00037764350453172205,0.5019669551534225,0.0,0.0,1.8417908137275853e-07,0.0028544243577545195,1.0,0.0,0.0,0.0,0.0,1.50519920719479
doidge_jessica,0.00037764350453172205,0.5019669551534225,0.0,0.0,1.381343110295689e-07,0.0028544243577545195,1.0,0.0,0.0,0.0,0.0,1.5051991611500197
Purplenugget84,0.00037764350453172205,0.5019669551534225,0.0,0.0,1.381343110295689e-07,0.0028544243577545195,1.0,0.0,0.0,0.0,0.0,1.5051991611500197
JackMiles86,0.00037764350453172205,0.5019669551534225,0.0,0.0,9.208954068637926e-08,0.0028544243577545195,1.0,0.0,0.0,0.0,0.0,1.5051991151052495
spinningspoon5,0.00037764350453172205,0.5019669551534225,0.0,0.0,4.604477034318963e-08,0.0028544243577545195,1.0,0.0,0.0,0.0,0.0,1.505199069060479
ArpitMa28509962,0.00037764350453172205,0.5019669551534225,0.0,0.0,4.604477034318963e-08,0.0028544243577545195,1.0,0.0,0.0,0.0,0.0,1.505199069060479
Sherise56709301,0.00037764350453172205,0.5019669551534225,0.0,0.0,0.0,0.0028544243577545195,1.0,0.0,0.0,0.0,0.0,1.5051990230157086
huuhhh97281350,0.00037764350453172205,0.5019669551534225,0.0,0.0,0.0,0.0028544243577545195,1.0,0.0,0.0,0.0,0.0,1.5051990230157086
_Desura,0.00037764350453172205,0.5019669551534225,0.0,0.0,0.0,0.0028544243577545195,1.0,0.0,0.0,0.0,0.0,1.5051990230157086
Prosper87062197,0.00037764350453172205,0.5019669551534225,0.0,0.0,0.0,0.0028544243577545195,1.0,0.0,0.0,0.0,0.0,1.5051990230157086
LyndseyForsyth,0.00037764350453172205,0.5019669551534225,0.0,0.0,0.0,0.0028544243577545195,1.0,0.0,0.0,0.0,0.0,1.5051990230157086
DGuaderrama,0.00037764350453172205,0.5019669551534225,0.0,0.0,0.0,0.0028544243577545195,1.0,0.0,0.0,0.0,0.0,1.5051990230157086
Leo85854860,0.00037764350453172205,0.5019669551534225,0.0,0.0,0.0,0.0028544243577545195,1.0,0.0,0.0,0.0,0.0,1.5051990230157086
biancatburke,0.0011329305135951663,0.5019669551534225,7.403626196247631e-05,0.0,1.8417908137275853e-07,0.0019029495718363464,1.0,0.0,0.0,0.0,0.0,1.5050770556798978
Toof__74,0.0007552870090634442,0.5020986358866737,0.0,0.0002316423442205235,7.827610958342237e-05,0.0019029495718363464,1.0,0.0,0.0,0.0,0.0,1.5050667909213775
Celewoodm,0.00037764350453172205,0.5019669551534225,0.0,0.0,4.604477034318963e-08,1.0,0.0026455026455026454,0.0,0.0,0.0,0.0,1.504990147348227
mgogola,0.00037764350453172205,0.5019669551534225,0.0,0.0006563199752914833,3.6835816274551704e-05,0.0019029495718363464,1.0,0.0,0.0,0.0,0.0,1.5049407040213567
Xolani81322081,0.0007552870090634442,0.5019669551534225,0.0012367059065356062,0.0,9.485222690697064e-06,0.0009514747859181732,1.0,0.0,0.0,0.0,0.0,1.5049199080776305
ankitbansal171,0.0007552870090634442,0.5019669551534225,0.0012373571471393638,0.0,4.604477034318963e-08,0.0009514747859181732,1.0,0.0,0.0,0.0,0.0,1.5049111201403138
eyeslaser991,0.0007552870090634442,0.5019669551534225,0.0012367059065356062,0.0,6.446267848046548e-07,0.0009514747859181732,1.0,0.0,0.0,0.0,0.0,1.5049110674817245
DudeDavidTruong,0.0007552870090634442,0.5019669551534225,0.0012367059065356062,0.0,9.208954068637926e-08,0.0009514747859181732,1.0,0.0,0.0,0.0,0.0,1.5049105149444804
JlPPS,0.0007552870090634442,0.5020986358866737,0.0,7.72141147401745e-05,7.10470806395416e-05,0.0019029495718363464,1.0,0.0,0.0,0.0,0.0,1.504905133662953
rastafarianAj,0.0007552870090634442,0.5019669551534225,3.042726153308391e-05,0.00019303528685043624,1.1234923963738271e-05,0.0019029495718363464,1.0,0.0,0.0,0.0,0.0,1.5048598892066696
Jordan13Coops,0.00037764350453172205,0.5019669551534225,0.0,0.0003860705737008725,0.00018625109603820207,0.0019029495718363464,1.0,0.0,0.0,0.0,0.0,1.5048198698995296
divyanshu_nd,0.0011329305135951663,0.5023637302139515,0.0,0.000308856458960698,4.595268080250325e-05,0.0009514747859181732,1.0,0.0,0.0,0.0,0.0,1.5048029446532283
Irving8223,0.0007552870090634442,0.5020986358866737,0.0,0.0,4.604477034318963e-08,0.0019029495718363464,1.0,0.0,0.0,0.0,0.0,1.504756918512344
RiquelMaxime,0.0007552870090634442,0.5020986358866737,0.0,0.0,0.0,0.0019029495718363464,1.0,0.0,0.0,0.0,0.0,1.5047568724675735
abkgardner,0.00037764350453172205,0.5019669551534225,0.0,0.002007566983244537,1.4826416050507061e-05,1.0,0.0003779289493575208,0.0,0.0,0.0,0.0,1.5047449210066068
OduyelaSeyi,0.00037764350453172205,0.5022320490264773,3.042726153308391e-05,0.000154428229480349,3.158671245542809e-05,0.0019029495718363464,1.0,0.0,0.0,0.0,0.0,1.5047290843063141
Chris44285968,0.0007552870090634442,0.5019669551534225,0.0012373571471393638,0.0,1.749701273041206e-06,1.0,0.0007558578987150416,0.0,0.0,0.0,0.0,1.5047172069096133
RobertsWBA23,0.00037764350453172205,0.5019669551534225,0.0,0.00042467763107095974,4.079566652406601e-05,0.0019029495718363464,1.0,0.0,0.0,0.0,0.0,1.5047130215273856
witchywoman2009,0.0007552870090634442,0.5019669551534225,3.042726153308391e-05,3.860705737008725e-05,5.525372441182756e-07,1.0,0.001889644746787604,0.0,0.0,0.0,0.0,1.5046814737654208
EmmaNug94888315,0.0007552870090634442,0.5019669551534225,4.360900042939597e-05,0.0,1.8417908137275853e-07,0.0019029495718363464,1.0,0.0,0.0,0.0,0.0,1.504668984913833
SkcSamrat,0.0007552870090634442,0.5019669551534225,3.042726153308391e-05,0.0,5.064924737750859e-07,0.0019029495718363464,1.0,0.0,0.0,0.0,0.0,1.5046561254883293
dee67948865,0.0007552870090634442,0.5019669551534225,0.0004107157407697689,0.0,0.0,1.0,0.0015117157974300832,0.0,0.0,0.0,0.0,1.5046446737006858
indii7,0.00037764350453172205,0.5019669551534225,0.0,0.00034746351633078526,3.416521959464671e-05,0.0019029495718363464,1.0,0.0,0.0,0.0,0.0,1.5046291769657159
Elizabe17085945,0.0007552870090634442,0.5019669551534225,0.0,0.0,0.0,0.0019029495718363464,1.0,0.0,0.0,0.0,0.0,1.5046251917343223
ariojosdemiel,0.00037764350453172205,0.5019669551534225,0.0,0.0,2.8087309909345677e-06,1.0,0.0022675736961451248,0.0,0.0,0.0,0.0,1.5046149810850902
limerickblog,0.00037764350453172205,0.5022320490264773,4.360900042939597e-05,3.860705737008725e-05,1.2616267074033959e-05,0.0019029495718363464,1.0,0.0,0.0,0.0,0.0,1.504607474427719
zillah7478,0.0007552870090634442,0.5019669551534225,3.042726153308391e-05,0.0008879623195120068,1.505663990222301e-05,0.0009514747859181732,1.0,0.0,0.0,0.0,0.0,1.5046071631693514
BJONX3,0.00037764350453172205,0.5019669551534225,0.0,0.00034746351633078526,9.623357001726633e-06,0.0019029495718363464,1.0,0.0,0.0,0.0,0.0,1.504604635103123
mikepaterson,0.00037764350453172205,0.5019669551534225,0.0,0.000308856458960698,1.7635147041441628e-05,0.0019029495718363464,1.0,0.0,0.0,0.0,0.0,1.5045740398357927
niggato18349787,0.00037764350453172205,0.5022320490264773,4.360900042939597e-05,0.0,0.0,0.0019029495718363464,1.0,0.0,0.0,0.0,0.0,1.5045562511032748
EMichaelBall,0.00037764350453172205,0.5019669551534225,0.0,0.0002702494015906107,6.860670781135255e-06,0.0019029495718363464,1.0,0.0,0.0,0.0,0.0,1.5045246583021623
ihrudai,0.00037764350453172205,0.5019669551534225,0.0,0.00019303528685043624,7.15075283429735e-05,0.0019029495718363464,1.0,0.0,0.0,0.0,0.0,1.504512091044984
stadtrucker,0.0011329305135951663,0.5019669551534225,0.00044038322159845197,0.0,4.604477034318963e-08,0.0009514747859181732,1.0,0.0,0.0,0.0,0.0,1.5044917897193046
silverlily23,0.00037764350453172205,0.5019669551534225,0.0,0.0009651764342521812,7.781566187999048e-06,1.0,0.0011337868480725624,0.0,0.0,0.0,0.0,1.504451343506467
mugalo_254,0.00037764350453172205,0.5019669551534225,0.0,0.00019303528685043624,9.347088379667495e-06,0.0019029495718363464,1.0,0.0,0.0,0.0,0.0,1.5044499306050207
Indiabigtweet,0.00037764350453172205,0.5019669551534225,0.0,0.00019303528685043624,2.0720146654435335e-06,0.0019029495718363464,1.0,0.0,0.0,0.0,0.0,1.5044426555313064
GeoZaroff,0.00037764350453172205,0.5019669551534225,0.0,0.000154428229480349,1.8878355840707748e-05,0.0019029495718363464,1.0,0.0,0.0,0.0,0.0,1.5044208548151117
jim85bob,0.00037764350453172205,0.5019669551534225,0.0,0.000154428229480349,6.16999922598741e-06,0.0019029495718363464,1.0,0.0,0.0,0.0,0.0,1.5044081464584969
FurankuFrank777,0.00037764350453172205,0.5019669551534225,0.0,0.000154428229480349,9.208954068637926e-08,0.0019029495718363464,1.0,0.0,0.0,0.0,0.0,1.5044020685488115
Hay_Leader,0.00037764350453172205,0.5019669551534225,0.0,0.00011582117211026175,1.8463952907619042e-05,0.0019029495718363464,1.0,0.0,0.0,0.0,0.0,1.5043818333548085
meowrika,0.00037764350453172205,0.5019669551534225,0.0,0.00011582117211026175,4.051939790200687e-06,0.0019029495718363464,1.0,0.0,0.0,0.0,0.0,1.504367421341691
cafernandz,0.00037764350453172205,0.5019669551534225,0.0,0.00011582117211026175,2.9468653019641364e-06,0.0019029495718363464,1.0,0.0,0.0,0.0,0.0,1.5043663162672027
ColtonAlquist,0.0011329305135951663,0.5022303857255314,0.0,3.860705737008725e-05,3.6835816274551706e-07,0.0009514747859181732,1.0,0.0,0.0,0.0,0.0,1.5043537664405777
theetigerbae,0.00037764350453172205,0.5019669551534225,0.0,0.0009651764342521812,8.826782474789452e-05,0.0009514747859181732,1.0,0.0,0.0,0.0,0.0,1.5043495177028725
manoonzara,0.00037764350453172205,0.5019669551534225,0.0,3.860705737008725e-05,5.6727157062809624e-05,0.0019029495718363464,1.0,0.0,0.0,0.0,0.0,1.5043428824442235
coffeegurl66,0.00037764350453172205,0.5019669551534225,0.0,0.0010037834916222686,4.2867681189509545e-05,0.0009514747859181732,1.0,0.0,0.0,0.0,0.0,1.5043427246166843
chis1__,0.00037764350453172205,0.5019669551534225,0.0,3.860705737008725e-05,3.7848801222101877e-05,0.0019029495718363464,1.0,0.0,0.0,0.0,0.0,1.504324004088383
Raxwell_K,0.00037764350453172205,0.5019669551534225,0.0,0.0,6.83764839596366e-05,0.0019029495718363464,1.0,0.0,0.0,0.0,0.0,1.50431592471375
Starbucks,0.00037764350453172205,0.001060387811634349,0.0,0.9999999999999999,0.5028700856474169,0.0,0.0,0.0,0.0,0.0,0.0,1.5043081169635828
rumandritalin,0.00037764350453172205,0.5019669551534225,0.0,3.860705737008725e-05,1.4826416050507061e-05,0.0019029495718363464,1.0,0.0,0.0,0.0,0.0,1.5043009817032114
mns3100813,0.00037764350453172205,0.5019669551534225,0.0,3.860705737008725e-05,1.0360073327217668e-05,0.0019029495718363464,1.0,0.0,0.0,0.0,0.0,1.504296515360488
