user,degree,closeness,betweenness,load,eigenvector,listed,followers,reply_sent,reply_recieved,mention_sent,mention_recieved,tweet_sent,tweet_recieved,mean_score,sum_score
Uber_Support,0.9999999999999999,1.0,1.0,1.0,1.0,0.0035397391557417546,0.011078323039391498,0.01020408163265306,1.0,0.0,0.0,0.0,0.0,0.5477111039843442,0.5477111039843442
CNN,0.0,0.0023148148148148147,0.0,0.0,1.6400219566838582e-35,1.0,1.0,0.030612244897959183,0.05416666666666667,0.0,0.0,0.0,0.0,0.1897357933072219,0.1897357933072219
SocialistBooks,0.0,0.0,0.0,0.0,0.0,0.00039255233467116974,1.762647374225791e-05,0.0,0.0,0.0,0.0,1.0,1.0,0.18185547080076486,0.18185547080076486
gregory_finney,0.0060975609756097554,0.5005793742757821,0.029284127797710578,0.029284127797710578,0.1373678358509545,0.00027749389175030963,2.1653776457013967e-05,0.01020408163265306,1.0,0.0,0.0,0.0,0.0,0.1557378414544207,0.1557378414544207
lordsarcastico,0.0060975609756097554,0.5005793742757821,0.018212882282590128,0.018212882282590128,0.1373678358509545,0.000209812454738039,1.7907448350264145e-05,0.9999999999999999,0.004166666666666667,0.0,0.0,0.0,0.0,0.15316953838520742,0.15316953838520742
madisongkk,0.0040650406504065045,0.5005793742757821,0.014761660686827268,0.014761660686827268,0.1373678358509545,6.768143701227065e-06,2.2103335829823946e-06,0.01020408163265306,1.0,0.0,0.0,0.0,0.0,0.15288623929643044,0.15288623929643044
GardeGar,0.0040650406504065045,0.5005793742757821,0.01472749017597813,0.01472749017597813,0.1373678358509545,6.768143701227065e-06,1.3486781184299356e-06,0.01020408163265306,1.0,0.0,0.0,0.0,0.0,0.1528799481439611,0.1528799481439611
iVigneshSuresh,0.0040650406504065045,0.5005793742757821,0.007158722022894243,0.007158722022894243,0.1373678358509545,8.121772441472477e-05,1.6034284296889235e-05,0.02040816326530612,1.0,0.0,0.0,0.0,0.0,0.15243955546335905,0.15243955546335905
scribldthoughts,0.0040650406504065045,0.5005793742757821,0.007158722022894243,0.007158722022894243,0.1373678358509545,0.0,1.1238984320249464e-06,0.02040816326530612,1.0,0.0,0.0,0.0,0.0,0.1524308165442427,0.1524308165442427
JeremyCushman,0.002032520325203252,0.5005793742757821,0.0,0.0,0.1373678358509545,0.0002639576043478555,1.3430586262698109e-05,0.030612244897959183,1.0,0.0,0.0,0.0,0.0,0.15189721486731905,0.15189721486731905
pelmeouchy,0.002032520325203252,0.5005793742757821,0.0,0.0,0.1373678358509545,5.414514960981652e-05,2.0792120992461506e-06,0.030612244897959183,1.0,0.0,0.0,0.0,0.0,0.15187710906469165,0.15187710906469165
ashleyaustinn,0.002032520325203252,0.5023174939986284,0.0,0.0,0.1373678358509545,6.768143701227065e-06,6.743390592149678e-06,0.02040816326530612,1.0,0.0,0.0,0.0,0.0,0.1511035931794896,0.1511035931794896
jeff_deeney,0.002032520325203252,0.5005793742757821,0.0,0.0,0.1373678358509545,0.0007918728130435666,6.070924696988085e-05,0.02040816326530612,1.0,0.0,0.0,0.0,0.0,0.15102186143429633,0.15102186143429633
getfitwithgiddy,0.002032520325203252,0.5005793742757821,0.0,0.0,0.1373678358509545,0.00031133461025644496,4.328882127349418e-05,0.02040816326530612,1.0,0.0,0.0,0.0,0.0,0.15097659246807055,0.15097659246807055
AcreUK,0.002032520325203252,0.5005793742757821,0.0,0.0,0.1373678358509545,0.00012859473032331422,4.126580409584928e-05,0.02040816326530612,1.0,0.0,0.0,0.0,0.0,0.15095979584106048,0.15095979584106048
NadiaZammal,0.002032520325203252,0.5005793742757821,0.0,0.0,0.1373678358509545,0.00014213101772576835,7.811094102573377e-06,0.02040816326530612,1.0,0.0,0.0,0.0,0.0,0.1509579850753704,0.1509579850753704
Saheem_Khizar,0.002032520325203252,0.5005793742757821,0.0,0.0,0.1373678358509545,5.414514960981652e-05,1.654003859130046e-05,0.02040816326530612,1.0,0.0,0.0,0.0,0.0,0.15095077990049519,0.15095077990049519
s_ande,0.002032520325203252,0.5005793742757821,0.0,0.0,0.1373678358509545,4.737700590858945e-05,6.143978095069706e-06,0.02040816326530612,1.0,0.0,0.0,0.0,0.0,0.15094921951829543,0.15094921951829543
imdinkarsharma,0.0040650406504065045,0.5005793742757821,0.0034853921066119943,0.0034853921066119943,0.1373678358509545,2.0304431103681193e-05,3.2218421718048465e-06,0.01020408163265306,1.0,0.0,0.0,0.0,0.0,0.1508373311723905,0.1508373311723905
bozychristian,0.0040650406504065045,0.5005793742757821,0.0034853921066119943,0.0034853921066119943,0.1373678358509545,0.0,1.9125004984957838e-05,0.01020408163265306,1.0,0.0,0.0,0.0,0.0,0.15083693105709137,0.15083693105709137
dorothywang,0.002032520325203252,0.5023174939986284,0.0,0.0,0.1373678358509545,0.0013265561654405046,0.0018283205059371152,0.01020408163265306,1.0,0.0,0.0,0.0,0.0,0.1504615280435288,0.1504615280435288
LuchadorLD,0.002032520325203252,0.5023174939986284,0.0,0.0,0.1373678358509545,0.0015363686201785437,0.0012299757123675676,0.01020408163265306,1.0,0.0,0.0,0.0,0.0,0.15042620692181685,0.15042620692181685
Kirst3nF,0.002032520325203252,0.5005793742757821,0.0,0.0,0.1373678358509545,0.002003370535563211,7.85792320390775e-05,0.01020408163265306,1.0,0.0,0.0,0.0,0.0,0.15020597835019955,0.15020597835019955
saj_anderson,0.002032520325203252,0.5023174939986284,0.0,0.0,0.1373678358509545,9.47540118171789e-05,2.581220065550627e-05,0.01020408163265306,1.0,0.0,0.0,0.0,0.0,0.1501856816381738,0.1501856816381738
Rubyfied,0.002032520325203252,0.5023174939986284,0.0,0.0,0.1373678358509545,1.353628740245413e-05,4.879592359041642e-05,0.01020408163265306,1.0,0.0,0.0,0.0,0.0,0.1501803876380393,0.1501803876380393
AlexT,0.002032520325203252,0.5005793742757821,0.0,0.0,0.1373678358509545,0.0005008426338908027,0.0012245060733317129,0.01020408163265306,1.0,0.0,0.0,0.0,0.0,0.15017356007198324,0.15017356007198324
AlwynFJH,0.002032520325203252,0.5005793742757821,0.0,0.0,0.1373678358509545,0.001252106584727007,0.0002454219542731808,0.01020408163265306,1.0,0.0,0.0,0.0,0.0,0.15015284914759938,0.15015284914759938
bluedonkey,0.002032520325203252,0.5005793742757821,0.0,0.0,0.1373678358509545,0.001143816285507374,2.8977847905709868e-05,0.01020408163265306,1.0,0.0,0.0,0.0,0.0,0.15012332783800056,0.15012332783800056
waltfrasier,0.002032520325203252,0.5005793742757821,0.0,0.0,0.1373678358509545,0.0007783365256411125,0.00013267620990054492,0.01020408163265306,1.0,0.0,0.0,0.0,0.0,0.15009952952910313,0.15009952952910313
joseeight,0.002032520325203252,0.5005793742757821,0.0,0.0,0.1373678358509545,0.000724191376031296,2.9240090873182356e-05,0.01020408163265306,1.0,0.0,0.0,0.0,0.0,0.15008520395922706,0.15008520395922706
ChKashifAli,0.002032520325203252,0.5005793742757821,0.0,0.0,0.1373678358509545,0.00039255233467116974,7.048716332849788e-05,0.01020408163265306,1.0,0.0,0.0,0.0,0.0,0.15005880468932659,0.15005880468932659
dbaEBONY,0.002032520325203252,0.5005793742757821,0.0,0.0,0.1373678358509545,0.0003857841909699427,1.4479558132588059e-05,0.01020408163265306,1.0,0.0,0.0,0.0,0.0,0.15005309780306322,0.15005309780306322
bluejena,0.002032520325203252,0.5005793742757821,0.0,0.0,0.1373678358509545,0.00037224790356748855,1.0826888228506984e-05,0.01020408163265306,1.0,0.0,0.0,0.0,0.0,0.1500515351705808,0.1500515351705808
brittanymwehner,0.002032520325203252,0.5005793742757821,0.0,0.0,0.1373678358509545,0.00019627616733558487,1.4760532740594295e-05,0.01020408163265306,1.0,0.0,0.0,0.0,0.0,0.15003589534406084,0.15003589534406084
YepWBK,0.002032520325203252,0.5005793742757821,0.0,0.0,0.1373678358509545,0.00016243544882944954,7.77363082150588e-06,0.01020408163265306,1.0,0.0,0.0,0.0,0.0,0.15003218374220398,0.15003218374220398
riintendo,0.002032520325203252,0.5005793742757821,0.0,0.0,0.1373678358509545,0.0001150584429208601,2.708595221180121e-05,0.01020408163265306,1.0,0.0,0.0,0.0,0.0,0.1500296324072478,0.1500296324072478
iamnottomgreen,0.002032520325203252,0.5005793742757821,0.0,0.0,0.1373678358509545,0.00012859473032331422,1.04897186988995e-05,0.01020408163265306,1.0,0.0,0.0,0.0,0.0,0.15002935423032865,0.15002935423032865
dodiesue,0.002032520325203252,0.5005793742757821,0.0,0.0,0.1373678358509545,7.44495807134977e-05,4.240843416840798e-05,0.01020408163265306,1.0,0.0,0.0,0.0,0.0,0.1500273336454068,0.1500273336454068
futbolista_chi5,0.002032520325203252,0.5005793742757821,0.0,0.0,0.1373678358509545,0.00010152215551840597,9.515673391144545e-06,0.01020408163265306,1.0,0.0,0.0,0.0,0.0,0.15002680453759112,0.15002680453759112
Npteggchaser,0.002032520325203252,0.5005793742757821,0.0,0.0,0.1373678358509545,9.47540118171789e-05,1.4573216335256804e-05,0.01020408163265306,1.0,0.0,0.0,0.0,0.0,0.1500266490284314,0.1500266490284314
SerenaLocatelli,0.002032520325203252,0.5005793742757821,0.0,0.0,0.1373678358509545,9.47540118171789e-05,4.40193552543104e-06,0.01020408163265306,1.0,0.0,0.0,0.0,0.0,0.1500257243665396,0.1500257243665396
natelivesay,0.002032520325203252,0.5005793742757821,0.0,0.0,0.1373678358509545,7.44495807134977e-05,1.4179851884048074e-05,0.01020408163265306,1.0,0.0,0.0,0.0,0.0,0.15002476741065368,0.15002476741065368
beebs_da_ish,0.002032520325203252,0.5005793742757821,0.0,0.0,0.1373678358509545,2.707257480490826e-05,1.4236046805649321e-05,0.01020408163265306,1.0,0.0,0.0,0.0,0.0,0.1500204655187458,0.1500204655187458
LuBatchelder,0.002032520325203252,0.5005793742757821,0.0,0.0,0.1373678358509545,2.707257480490826e-05,5.7693452843947245e-06,0.01020408163265306,1.0,0.0,0.0,0.0,0.0,0.1500196958186075,0.1500196958186075
MsLuna80,0.002032520325203252,0.5005793742757821,0.0,0.0,0.1373678358509545,1.353628740245413e-05,1.174473861466069e-05,0.01020408163265306,1.0,0.0,0.0,0.0,0.0,0.15001900846460092,0.15001900846460092
esemee,0.002032520325203252,0.5005793742757821,0.0,0.0,0.1373678358509545,1.353628740245413e-05,3.35296365554109e-06,0.01020408163265306,1.0,0.0,0.0,0.0,0.0,0.15001824557596824,0.15001824557596824
Bigmanpfc,0.002032520325203252,0.5005793742757821,0.0,0.0,0.1373678358509545,6.768143701227065e-06,1.5547261643011759e-06,0.01020408163265306,1.0,0.0,0.0,0.0,0.0,0.15001746681404168,0.15001746681404168
red65reader,0.002032520325203252,0.5005793742757821,0.0,0.0,0.1373678358509545,0.0,1.404873040031183e-06,0.01020408163265306,1.0,0.0,0.0,0.0,0.0,0.15001683790523937,0.15001683790523937
gobluebeth,0.002032520325203252,0.5005793742757821,0.0,0.0,0.1373678358509545,0.0,5.806808565462223e-07,0.01020408163265306,1.0,0.0,0.0,0.0,0.0,0.15001676297867722,0.15001676297867722
wordofbrandon,0.0,0.5017367801327339,0.0,0.0,0.1373678358509545,0.0003790160472687156,0.0004589439247173868,0.01020408163265306,1.0,0.0,0.0,0.0,0.0,0.15001333250802978,0.15001333250802978
CapeVgirl,0.0,0.5017367801327339,0.0,0.0,0.1373678358509545,6.091329331104358e-05,2.491308190988631e-06,0.01020408163265306,1.0,0.0,0.0,0.0,0.0,0.14994291838344032,0.14994291838344032
ImranAkaShah,0.002032520325203252,0.5005793742757821,0.0,0.0,0.1373678358509545,0.00017597173623190367,7.704323751531007e-05,0.9999999999999999,0.008333333333333333,0.0,0.0,0.0,0.0,0.1498696435235473,0.1498696435235473
BrookeAshleyP,0.002032520325203252,0.5005793742757821,0.0,0.0,0.1373678358509545,0.0013400924528429589,0.0013788547913298054,0.9999999999999999,0.004166666666666667,0.0,0.0,0.0,0.0,0.1497150313057072,0.1497150313057072
musicman128,0.002032520325203252,0.5005793742757821,0.0,0.0,0.1373678358509545,0.00021658059843926607,2.4351132693873838e-05,0.9999999999999999,0.004166666666666667,0.0,0.0,0.0,0.0,0.14948975716815815,0.14948975716815815
fnemecek,0.002032520325203252,0.5005793742757821,0.0,0.0,0.1373678358509545,0.00021658059843926607,1.989300224684155e-05,0.9999999999999999,0.004166666666666667,0.0,0.0,0.0,0.0,0.14948935188357207,0.14948935188357207
SparkzKay,0.002032520325203252,0.5005793742757821,0.0,0.0,0.1373678358509545,1.353628740245413e-05,1.807603311506789e-05,0.9999999999999999,0.004166666666666667,0.0,0.0,0.0,0.0,0.14947072813082946,0.14947072813082946
thatgirltyp,0.002032520325203252,0.5005793742757821,0.0,0.0,0.1373678358509545,7.44495807134977e-05,4.3775843927371664e-05,0.9999999999999999,0.0020833333333333333,0.0,0.0,0.0,0.0,0.14928920810999216,0.14928920810999216
UberVirgDetroit,0.002032520325203252,0.5005793742757821,0.0,0.0,0.1373678358509545,1.353628740245413e-05,2.172870301914896e-06,0.9999999999999999,0.0020833333333333333,0.0,0.0,0.0,0.0,0.1492798884493616,0.1492798884493616
GaiainMA,0.002032520325203252,0.5005793742757821,0.0,0.0,0.1373678358509545,1.353628740245413e-05,1.6296527264361723e-06,0.9999999999999999,0.0020833333333333333,0.0,0.0,0.0,0.0,0.14927983906594566,0.14927983906594566
realchetty,0.002032520325203252,0.5005793742757821,0.0,0.0,0.1373678358509545,6.768143701227065e-06,2.5849663936573765e-06,0.9999999999999999,0.0020833333333333333,0.0,0.0,0.0,0.0,0.14927931062685162,0.14927931062685162
Uber_India,0.028455284552845527,0.3430442637759711,0.0,0.0,0.03773584905660379,0.0011844251477147363,0.0059770042513518674,0.01020408163265306,1.0,0.0,0.0,0.0,0.0,0.12969099167428547,0.12969099167428547
UberEats,0.014227642276422762,0.3385353469694344,0.0,0.0,0.018867924528301896,0.004257162388071824,0.004493851685530147,0.01020408163265306,1.0,0.0,0.0,0.0,0.0,0.12641690995276492,0.12641690995276492
dkhos,0.002032520325203252,0.3353959156219589,0.0,0.0,0.018867924528301896,0.005867980588963865,0.0020342936252462206,0.02040816326530612,1.0,0.0,0.0,0.0,0.0,0.12587334526863458,0.12587334526863458
renan_botelho,0.0,0.3348783293324188,0.0,0.0,0.018867924528301896,0.0001895080236343578,5.552058254203235e-05,0.030612244897959183,1.0,0.0,0.0,0.0,0.0,0.12587304794225965,0.12587304794225965
vellamalcolm,0.0,0.3348783293324188,0.0,0.0,0.018867924528301896,2.0304431103681193e-05,1.067703510423699e-06,0.030612244897959183,1.0,0.0,0.0,0.0,0.0,0.125852715535754,0.125852715535754
ShieldVoC,0.002032520325203252,0.3353959156219589,0.0,0.0,0.018867924528301896,0.00012182658662208716,0.0003290399976158368,0.9999999999999999,0.004166666666666667,0.0,0.0,0.0,0.0,0.12371944488421532,0.12371944488421532
TODAYshow,0.0,0.0023148148148148147,0.0,0.0,1.6400219566838582e-35,0.12367428985252216,0.07938694037889277,0.01020408163265306,1.0,0.0,0.0,0.0,0.0,0.1105072842435348,0.1105072842435348
_TrialNError,0.0,0.0,0.0,0.0,0.0,0.00014213101772576835,5.001348022511011e-06,0.11224489795918366,1.0,0.0,0.0,0.0,0.0,0.10112654821135746,0.10112654821135746
Nishant63758708,0.0,0.0,0.0,0.0,0.0,0.0,3.55901170141233e-07,0.11224489795918366,1.0,0.0,0.0,0.0,0.0,0.1011132048963958,0.1011132048963958
badkokonut,0.0,0.0,0.0,0.0,0.0,0.0,3.184378890737348e-07,0.11224489795918366,1.0,0.0,0.0,0.0,0.0,0.10111320149064297,0.10111320149064297
Ali93448904,0.0,0.0,0.0,0.0,0.0,0.0,1.8731640533749106e-08,0.11224489795918366,1.0,0.0,0.0,0.0,0.0,0.10111317424462038,0.10111317424462038
echkay96,0.0,0.0,0.0,0.0,0.0,1.353628740245413e-05,1.2924831968286883e-06,0.0510204081632653,1.0,0.0,0.0,0.0,0.0,0.09554865790307861,0.09554865790307861
brittybumps,0.0,0.0,0.0,0.0,0.0,1.353628740245413e-05,9.178503861537061e-07,0.0510204081632653,1.0,0.0,0.0,0.0,0.0,0.09554862384555035,0.09554862384555035
Cadillac,0.0,0.0023148148148148147,0.0,0.0,1.6400219566838582e-35,0.018483800448051115,0.01336069851186669,0.01020408163265306,1.0,0.0,0.0,0.0,0.0,0.09494212685521687,0.09494212685521687
Vancouver,0.0,0.0023148148148148147,0.0,0.0,1.6400219566838582e-35,0.005130252925530115,0.0011875860098396933,0.030612244897959183,1.0,0.0,0.0,0.0,0.0,0.09447680896801307,0.09447680896801307
TajinderBagga,0.0040650406504065045,0.0023148148148148147,0.0,0.0,2.3726621199674865e-25,0.006172547055519083,0.01341275374090998,0.01020408163265306,1.0,0.0,0.0,0.0,0.0,0.09419720344493668,0.09419720344493668
KeiraFoSho,0.0040650406504065045,0.0,0.0,0.0,0.0,4.737700590858945e-05,1.9630759279369064e-05,0.030612244897959183,1.0,0.0,0.0,0.0,0.0,0.09406766302850487,0.09406766302850487
RahulPadha5,0.0040650406504065045,0.0,0.0,0.0,0.0,0.0,0.0,0.030612244897959183,1.0,0.0,0.0,0.0,0.0,0.0940615714134878,0.0940615714134878
QueenWordsmith,0.002032520325203252,0.0,0.0,0.0,0.0,0.0001895080236343578,7.157359847945534e-05,0.030612244897959183,1.0,0.0,0.0,0.0,0.0,0.09390053153138876,0.09390053153138876
sAyAn801,0.002032520325203252,0.0,0.0,0.0,0.0,7.44495807134977e-05,7.455192932432144e-06,0.030612244897959183,1.0,0.0,0.0,0.0,0.0,0.09388424272698258,0.09388424272698258
itsmaina,0.002032520325203252,0.0,0.0,0.0,0.0,0.0,2.135407020847398e-06,0.030612244897959183,1.0,0.0,0.0,0.0,0.0,0.0938769909663803,0.0938769909663803
DallyceCole,0.0,0.0,0.0,0.0,0.0,6.091329331104358e-05,3.6152066230135776e-06,0.030612244897959183,1.0,0.0,0.0,0.0,0.0,0.09369788849071757,0.09369788849071757
jordsslouise,0.0,0.0,0.0,0.0,0.0,2.707257480490826e-05,1.404873040031183e-05,0.030612244897959183,1.0,0.0,0.0,0.0,0.0,0.09369576056392405,0.09369576056392405
KevinL94,0.0,0.0,0.0,0.0,0.0,6.768143701227065e-06,2.7385658460341193e-05,0.030612244897959183,1.0,0.0,0.0,0.0,0.0,0.09369512715455643,0.09369512715455643
EGPharoh,0.0,0.0,0.0,0.0,0.0,1.353628740245413e-05,1.2568930798145651e-05,0.030612244897959183,1.0,0.0,0.0,0.0,0.0,0.09369439546510544,0.09369439546510544
fisaldanhav,0.0,0.0,0.0,0.0,0.0,2.0304431103681193e-05,1.592189445368674e-06,0.030612244897959183,1.0,0.0,0.0,0.0,0.0,0.09369401286531893,0.09369401286531893
Teakdragon,0.0,0.0,0.0,0.0,0.0,2.0304431103681193e-05,1.0302402293562009e-06,0.030612244897959183,1.0,0.0,0.0,0.0,0.0,0.09369396177902657,0.09369396177902657
rajeev1956,0.0,0.0,0.0,0.0,0.0,1.353628740245413e-05,3.708864825682323e-06,0.030612244897959183,1.0,0.0,0.0,0.0,0.0,0.09369359000456248,0.09369359000456248
GEOFFKOLE,0.0,0.0,0.0,0.0,0.0,1.353628740245413e-05,3.6526699040810757e-06,0.030612244897959183,1.0,0.0,0.0,0.0,0.0,0.09369358489593325,0.09369358489593325
mjarvis83,0.0,0.0,0.0,0.0,0.0,6.768143701227065e-06,3.5964749824798284e-06,0.030612244897959183,1.0,0.0,0.0,0.0,0.0,0.09369296450151299,0.09369296450151299
Akin4u2luv,0.0,0.0,0.0,0.0,0.0,0.0,3.55901170141233e-07,0.030612244897959183,1.0,0.0,0.0,0.0,0.0,0.09369205461810268,0.09369205461810268
RoushanMohammed,0.0,0.0,0.0,0.0,0.0,0.0,1.4985312426999285e-07,0.030612244897959183,1.0,0.0,0.0,0.0,0.0,0.09369203588646213,0.09369203588646213
astidog99,0.0,0.0,0.0,0.0,0.0,0.0,1.1238984320249464e-07,0.030612244897959183,1.0,0.0,0.0,0.0,0.0,0.0936920324807093,0.0936920324807093
lyft,0.0,0.0023148148148148147,0.0,0.0,1.6400219566838582e-35,0.01229094896142835,0.005414848987293523,0.01020408163265306,1.0,0.0,0.0,0.0,0.0,0.0936567903996536,0.0936567903996536
ksdknews,0.0,0.0023148148148148147,0.0,0.0,1.6400219566838582e-35,0.013164039498886641,0.004456013771651973,0.01020408163265306,1.0,0.0,0.0,0.0,0.0,0.09364899542890968,0.09364899542890968
AnilSonkamble13,0.0040650406504065045,0.0,0.0,0.0,0.0,0.0,3.746328106749821e-08,0.02040816326530612,1.0,0.0,0.0,0.0,0.0,0.09313393103445397,0.09313393103445397
DWesterberg,0.0,0.0,0.0,0.0,0.0,0.0028832292167227293,0.00015768295001309998,0.02040816326530612,1.0,0.0,0.0,0.0,0.0,0.09304082503927655,0.09304082503927655
rawatpankaj,0.002032520325203252,0.0,0.0,0.0,0.0,0.00045346562798221333,2.6055711982445006e-05,0.02040816326530612,1.0,0.0,0.0,0.0,0.0,0.09299274590277036,0.09299274590277036
AdesuaOkosuns,0.002032520325203252,0.0,0.0,0.0,0.0,9.47540118171789e-05,3.540280060878581e-06,0.02040816326530612,1.0,0.0,0.0,0.0,0.0,0.09295808889839886,0.09295808889839886
jbanksbell,0.002032520325203252,0.0,0.0,0.0,0.0,6.091329331104358e-05,1.4797996021661794e-06,0.02040816326530612,1.0,0.0,0.0,0.0,0.0,0.09295482515303842,0.09295482515303842
sn1pes130,0.002032520325203252,0.0,0.0,0.0,0.0,2.0304431103681193e-05,4.963884741443513e-06,0.02040816326530612,1.0,0.0,0.0,0.0,0.0,0.09295145017330496,0.09295145017330496
l_petruzelli,0.002032520325203252,0.0,0.0,0.0,0.0,1.353628740245413e-05,1.6483843669699213e-06,0.02040816326530612,1.0,0.0,0.0,0.0,0.0,0.09295053347838898,0.09295053347838898
totallyyeswow,0.002032520325203252,0.0,0.0,0.0,0.0,0.0,5.619492160124732e-07,0.02040816326530612,1.0,0.0,0.0,0.0,0.0,0.09294920413997504,0.09294920413997504
ithnkimparanoid,0.002032520325203252,0.0,0.0,0.0,0.0,0.0,1.3112148373624374e-07,0.02040816326530612,1.0,0.0,0.0,0.0,0.0,0.09294916497381757,0.09294916497381757
raghav_singla,0.002032520325203252,0.0,0.0,0.0,0.0,0.0,9.365820266874553e-08,0.02040816326530612,1.0,0.0,0.0,0.0,0.0,0.09294916156806474,0.09294916156806474
ShavikW,0.002032520325203252,0.0,0.0,0.0,0.0,0.0,0.0,0.02040816326530612,1.0,0.0,0.0,0.0,0.0,0.09294915305368266,0.09294915305368266
JennaStern,0.0,0.0,0.0,0.0,0.0,0.000724191376031296,7.164852504159033e-05,0.02040816326530612,1.0,0.0,0.0,0.0,0.0,0.09283672756057991,0.09283672756057991
Lilly_jo_Cullen,0.0,0.0,0.0,0.0,0.0,0.00039255233467116974,0.00014539499382296056,0.02040816326530612,1.0,0.0,0.0,0.0,0.0,0.09281328278125457,0.09281328278125457
Leemparker,0.0,0.0,0.0,0.0,0.0,0.0004940744901895757,2.9670918605458585e-05,0.02040816326530612,1.0,0.0,0.0,0.0,0.0,0.09281199169764555,0.09281199169764555
kioken,0.0,0.0,0.0,0.0,0.0,0.00037224790356748855,2.41076213669351e-05,0.02040816326530612,1.0,0.0,0.0,0.0,0.0,0.09280041079911278,0.09280041079911278
berrydelicious,0.0,0.0,0.0,0.0,0.0,0.00027749389175030963,2.9108969389446112e-05,0.02040816326530612,1.0,0.0,0.0,0.0,0.0,0.09279225146604055,0.09279225146604055
ModupeOfficial,0.0,0.0,0.0,0.0,0.0,0.00013536287402454128,2.9446138919053594e-05,0.02040816326530612,1.0,0.0,0.0,0.0,0.0,0.09277936111620452,0.09277936111620452
Pascal__M,0.0,0.0,0.0,0.0,0.0,0.0001488991614269954,4.551788649701032e-06,0.02040816326530612,1.0,0.0,0.0,0.0,0.0,0.0927783285650348,0.0927783285650348
Sindirella_101,0.0,0.0,0.0,0.0,0.0,4.737700590858945e-05,3.926151855873813e-05,0.02040816326530612,1.0,0.0,0.0,0.0,0.0,0.09277225470816122,0.09277225470816122
sham_god,0.0,0.0,0.0,0.0,0.0,6.768143701227064e-05,1.4797996021661794e-05,0.02040816326530612,1.0,0.0,0.0,0.0,0.0,0.09277187660894,0.09277187660894
DimitriLyon,0.0,0.0,0.0,0.0,0.0,6.091329331104358e-05,1.7944911631331645e-05,0.02040816326530612,1.0,0.0,0.0,0.0,0.0,0.09277154740638621,0.09277154740638621
PratKar,0.0,0.0,0.0,0.0,0.0,6.768143701227064e-05,5.919198408664718e-06,0.02040816326530612,1.0,0.0,0.0,0.0,0.0,0.09277106944552065,0.09277106944552065
TCook,0.0,0.0,0.0,0.0,0.0,6.091329331104358e-05,7.13675504335841e-06,0.02040816326530612,1.0,0.0,0.0,0.0,0.0,0.09277056484669641,0.09277056484669641
KyleMersola,0.0,0.0,0.0,0.0,0.0,4.737700590858945e-05,1.0171280809825765e-05,0.02040816326530612,1.0,0.0,0.0,0.0,0.0,0.09276961014109314,0.09276961014109314
utsav_sha,0.0,0.0,0.0,0.0,0.0,4.0608862207362386e-05,3.14691560966985e-06,0.02040816326530612,1.0,0.0,0.0,0.0,0.0,0.09276835627664756,0.09276835627664756
giothecolombian,0.0,0.0,0.0,0.0,0.0,1.353628740245413e-05,2.5924590498708762e-05,0.02040816326530612,1.0,0.0,0.0,0.0,0.0,0.09276796583120066,0.09276796583120066
sportsfan702,0.0,0.0,0.0,0.0,0.0,2.707257480490826e-05,1.2306687830673163e-05,0.02040816326530612,1.0,0.0,0.0,0.0,0.0,0.09276795841163107,0.09276795841163107
skittlesj21,0.0,0.0,0.0,0.0,0.0,3.384071850613532e-05,5.057542944112258e-06,0.02040816326530612,1.0,0.0,0.0,0.0,0.0,0.0927679146842506,0.0927679146842506
anneybells,0.0,0.0,0.0,0.0,0.0,1.353628740245413e-05,2.0604804587124015e-05,0.02040816326530612,1.0,0.0,0.0,0.0,0.0,0.0927674822142996,0.0927674822142996
dreamwithnikki,0.0,0.0,0.0,0.0,0.0,2.707257480490826e-05,5.338517552118496e-06,0.02040816326530612,1.0,0.0,0.0,0.0,0.0,0.09276732494160575,0.09276732494160575
BintouSmalls,0.0,0.0,0.0,0.0,0.0,2.0304431103681193e-05,8.972455815665823e-06,0.02040816326530612,1.0,0.0,0.0,0.0,0.0,0.09276704001383868,0.09276704001383868
eggsofsatan,0.0,0.0,0.0,0.0,0.0,2.707257480490826e-05,1.7233109291049178e-06,0.02040816326530612,1.0,0.0,0.0,0.0,0.0,0.09276699628645818,0.09276699628645818
swagdonnyj,0.0,0.0,0.0,0.0,0.0,2.707257480490826e-05,8.616554645524589e-07,0.02040816326530612,1.0,0.0,0.0,0.0,0.0,0.09276691795414323,0.09276691795414323
michellebeth05,0.0,0.0,0.0,0.0,0.0,2.0304431103681193e-05,7.530119494567141e-06,0.02040816326530612,1.0,0.0,0.0,0.0,0.0,0.09276690889235494,0.09276690889235494
choltenc,0.0,0.0,0.0,0.0,0.0,2.0304431103681193e-05,6.2189046572047034e-06,0.02040816326530612,1.0,0.0,0.0,0.0,0.0,0.09276678969100609,0.09276678969100609
allienunn17,0.0,0.0,0.0,0.0,0.0,2.0304431103681193e-05,4.982616381977262e-06,0.02040816326530612,1.0,0.0,0.0,0.0,0.0,0.09276667730116289,0.09276667730116289
nuts_cracks,0.0,0.0,0.0,0.0,0.0,2.0304431103681193e-05,2.0230171776449037e-06,0.02040816326530612,1.0,0.0,0.0,0.0,0.0,0.09276640824668977,0.09276640824668977
cha_janette,0.0,0.0,0.0,0.0,0.0,2.0304431103681193e-05,8.80387105086208e-07,0.02040816326530612,1.0,0.0,0.0,0.0,0.0,0.09276630437122863,0.09276630437122863
yspedro,0.0,0.0,0.0,0.0,0.0,1.353628740245413e-05,3.896181231019814e-06,0.02040816326530612,1.0,0.0,0.0,0.0,0.0,0.09276596324853997,0.09276596324853997
SajeshSreejayan,0.0,0.0,0.0,0.0,0.0,1.353628740245413e-05,1.2175566346936918e-06,0.02040816326530612,1.0,0.0,0.0,0.0,0.0,0.09276571973721302,0.09276571973721302
wooebj96,0.0,0.0,0.0,0.0,0.0,1.353628740245413e-05,6.368757781474696e-07,0.02040816326530612,1.0,0.0,0.0,0.0,0.0,0.09276566694804425,0.09276566694804425
DaRealMoMoney,0.0,0.0,0.0,0.0,0.0,6.768143701227065e-06,6.2189046572047034e-06,0.02040816326530612,1.0,0.0,0.0,0.0,0.0,0.09276555911942407,0.09276555911942407
E_Dygert87,0.0,0.0,0.0,0.0,0.0,6.768143701227065e-06,6.930706997487169e-07,0.02040816326530612,1.0,0.0,0.0,0.0,0.0,0.09276505677088247,0.09276505677088247
ronyrajputsingh,0.0,0.0,0.0,0.0,0.0,0.0,6.237636297738453e-06,0.02040816326530612,1.0,0.0,0.0,0.0,0.0,0.09276494553650944,0.09276494553650944
OkwuyahNworji,0.0,0.0,0.0,0.0,0.0,0.0,2.472576550454882e-06,0.02040816326530612,1.0,0.0,0.0,0.0,0.0,0.09276460325835059,0.09276460325835059
babyhiiippoo14,0.0,0.0,0.0,0.0,0.0,0.0,1.423604680564932e-06,0.02040816326530612,1.0,0.0,0.0,0.0,0.0,0.09276450789727152,0.09276450789727152
vicky_lou11,0.0,0.0,0.0,0.0,0.0,0.0,1.3112148373624375e-06,0.02040816326530612,1.0,0.0,0.0,0.0,0.0,0.09276449768001305,0.09276449768001305
ccroft78,0.0,0.0,0.0,0.0,0.0,0.0,1.1800933536261937e-06,0.02040816326530612,1.0,0.0,0.0,0.0,0.0,0.09276448575987817,0.09276448575987817
IsaacPiero2,0.0,0.0,0.0,0.0,0.0,0.0,1.1426300725586954e-06,0.02040816326530612,1.0,0.0,0.0,0.0,0.0,0.09276448235412534,0.09276448235412534
khanarman009,0.0,0.0,0.0,0.0,0.0,0.0,8.991187456199571e-07,0.02040816326530612,1.0,0.0,0.0,0.0,0.0,0.09276446021673199,0.09276446021673199
TonyDSpeaks,0.0,0.0,0.0,0.0,0.0,0.0,8.991187456199571e-07,0.02040816326530612,1.0,0.0,0.0,0.0,0.0,0.09276446021673199,0.09276446021673199
deedoboys,0.0,0.0,0.0,0.0,0.0,0.0,6.368757781474696e-07,0.02040816326530612,1.0,0.0,0.0,0.0,0.0,0.0927644363764622,0.0927644363764622
carterlm,0.0,0.0,0.0,0.0,0.0,0.0,5.24485934944975e-07,0.02040816326530612,1.0,0.0,0.0,0.0,0.0,0.09276442615920373,0.09276442615920373
MrMacy88,0.0,0.0,0.0,0.0,0.0,0.0,4.4955937280997855e-07,0.02040816326530612,1.0,0.0,0.0,0.0,0.0,0.0927644193476981,0.0927644193476981
sharan_sherikar,0.0,0.0,0.0,0.0,0.0,0.0,4.3082773227622944e-07,0.02040816326530612,1.0,0.0,0.0,0.0,0.0,0.09276441764482167,0.09276441764482167
V_Giardina,0.0,0.0,0.0,0.0,0.0,0.0,3.9336445120873123e-07,0.02040816326530612,1.0,0.0,0.0,0.0,0.0,0.09276441423906885,0.09276441423906885
ravipratikk,0.0,0.0,0.0,0.0,0.0,0.0,1.6858476480374195e-07,0.02040816326530612,1.0,0.0,0.0,0.0,0.0,0.09276439380455191,0.09276439380455191
sorb71,0.0,0.0,0.0,0.0,0.0,0.0,1.4985312426999285e-07,0.02040816326530612,1.0,0.0,0.0,0.0,0.0,0.0927643921016755,0.0927643921016755
Abhishe82985772,0.0,0.0,0.0,0.0,0.0,0.0,1.3112148373624374e-07,0.02040816326530612,1.0,0.0,0.0,0.0,0.0,0.09276439039879908,0.09276439039879908
baabu2,0.0,0.0,0.0,0.0,0.0,0.0,1.1238984320249464e-07,0.02040816326530612,1.0,0.0,0.0,0.0,0.0,0.09276438869592267,0.09276438869592267
1BirdyTheMighty,0.0,0.0,0.0,0.0,0.0,0.0,1.1238984320249464e-07,0.02040816326530612,1.0,0.0,0.0,0.0,0.0,0.09276438869592267,0.09276438869592267
anniesmith5992,0.0,0.0,0.0,0.0,0.0,0.0,9.365820266874553e-08,0.02040816326530612,1.0,0.0,0.0,0.0,0.0,0.09276438699304626,0.09276438699304626
CortezW63318292,0.0,0.0,0.0,0.0,0.0,0.0,3.746328106749821e-08,0.02040816326530612,1.0,0.0,0.0,0.0,0.0,0.09276438188441703,0.09276438188441703
mcdowell_pk,0.0,0.0,0.0,0.0,0.0,0.0,1.8731640533749106e-08,0.02040816326530612,1.0,0.0,0.0,0.0,0.0,0.0927643801815406,0.0927643801815406
YogeshKanaujia1,0.0,0.0,0.0,0.0,0.0,0.0,1.8731640533749106e-08,0.02040816326530612,1.0,0.0,0.0,0.0,0.0,0.0927643801815406,0.0927643801815406
Rubios89099481,0.0,0.0,0.0,0.0,0.0,0.0,0.0,0.02040816326530612,1.0,0.0,0.0,0.0,0.0,0.0927643784786642,0.0927643784786642
CarlosP63609209,0.0,0.0,0.0,0.0,0.0,0.0,0.0,0.02040816326530612,1.0,0.0,0.0,0.0,0.0,0.0927643784786642,0.0927643784786642
AskLyft,0.002032520325203252,0.004629629629629629,0.0,0.0,3.280043913367717e-35,0.0015025279016724084,0.0015403589960117903,0.01020408163265306,1.0,0.0,0.0,0.0,0.0,0.0927190107713791,0.0927190107713791
PopeyesChicken,0.0,0.0023148148148148147,0.0,0.0,1.6400219566838582e-35,0.008209758309588429,0.00451565531511143,0.9999999999999999,0.004166666666666667,0.0,0.0,0.0,0.0,0.09265517228238011,0.09265517228238011
StlGig,0.008130081300813007,0.0,0.0,0.0,0.0,0.0,1.4985312426999285e-07,0.01020408163265306,1.0,0.0,0.0,0.0,0.0,0.09257584661696275,0.09257584661696275
DaveLeeFT,0.0,0.0,0.0,0.0,0.0,0.007350204059532592,0.000712776385590221,0.01020408163265306,1.0,0.0,0.0,0.0,0.0,0.09256973291616144,0.09256973291616144
TonyDofat,0.002032520325203252,0.0,0.0,0.0,1.1863310599837428e-25,0.0023891547265331536,0.000492379903070129,0.01020408163265306,1.0,0.0,0.0,0.0,0.0,0.09228346696249633,0.09228346696249633
equitygod,0.0040650406504065045,0.0,0.0,0.0,0.0,5.414514960981652e-05,1.2250492909071916e-05,0.01020408163265306,1.0,0.0,0.0,0.0,0.0,0.09221231981141621,0.09221231981141621
under_const007,0.0040650406504065045,0.0,0.0,0.0,0.0,0.0,4.3082773227622944e-07,0.01020408163265306,1.0,0.0,0.0,0.0,0.0,0.09220632301007199,0.09220632301007199
abhaarun,0.0040650406504065045,0.0,0.0,0.0,0.0,0.0,3.9336445120873123e-07,0.01020408163265306,1.0,0.0,0.0,0.0,0.0,0.09220631960431916,0.09220631960431916
Uber_Kolkata,0.0,0.0023148148148148147,0.0,0.0,1.6400219566838582e-35,0.0002301168858417202,0.00104657421990163,0.01020408163265306,1.0,0.0,0.0,0.0,0.0,0.0921632352321101,0.0921632352321101
GulBukhari,0.0,0.0,0.0,0.0,0.0,0.0024703724509478786,0.0068797756668759055,0.9999999999999999,0.004166666666666667,0.0,0.0,0.0,0.0,0.0921378922531355,0.0921378922531355
jxmwaba,0.0,0.0,0.0,0.0,0.0,0.0026801849056859177,4.791553648533021e-05,0.01020408163265306,1.0,0.0,0.0,0.0,0.0,0.09208474382498402,0.09208474382498402
JORDANCBRAUN,0.002032520325203252,0.0,0.0,0.0,0.0,0.00012182658662208716,2.1335338567940232e-05,0.01020408163265306,1.0,0.0,0.0,0.0,0.0,0.09203452398936784,0.09203452398936784
kpswathi,0.002032520325203252,0.0,0.0,0.0,0.0,0.0001150584429208601,2.011778193324654e-05,0.01020408163265306,1.0,0.0,0.0,0.0,0.0,0.09203379801661003,0.09203379801661003
vilacron,0.002032520325203252,0.0,0.0,0.0,0.0,9.47540118171789e-05,3.7650597472835705e-06,0.01020408163265306,1.0,0.0,0.0,0.0,0.0,0.09203046554812916,0.09203046554812916
mikeyplewis,0.002032520325203252,0.0,0.0,0.0,0.0,6.091329331104358e-05,1.3692829230170597e-05,0.01020408163265306,1.0,0.0,0.0,0.0,0.0,0.0920282916436725,0.0920282916436725
Inabees,0.002032520325203252,0.0,0.0,0.0,0.0,3.384071850613532e-05,2.0005392090044046e-05,0.01020408163265306,1.0,0.0,0.0,0.0,0.0,0.09202640436985932,0.09202640436985932
SarcasticSharif,0.002032520325203252,0.0,0.0,0.0,0.0,4.0608862207362386e-05,8.129531991647112e-06,0.01020408163265306,1.0,0.0,0.0,0.0,0.0,0.09202594003200502,0.09202594003200502
ivipankumar,0.002032520325203252,0.0,0.0,0.0,0.0,6.768143701227065e-06,3.274290765299344e-05,0.01020408163265306,1.0,0.0,0.0,0.0,0.0,0.09202510118265551,0.09202510118265551
stewardjornsen,0.002032520325203252,0.0,0.0,0.0,0.0,2.0304431103681193e-05,1.0527181979966997e-05,0.01020408163265306,1.0,0.0,0.0,0.0,0.0,0.09202431214281273,0.09202431214281273
TheArcticGay,0.002032520325203252,0.0,0.0,0.0,0.0,1.353628740245413e-05,3.540280060878581e-06,0.01020408163265306,1.0,0.0,0.0,0.0,0.0,0.09202306168411996,0.09202306168411996
SatishInnov8,0.002032520325203252,0.0,0.0,0.0,0.0,6.768143701227065e-06,8.260653475383356e-06,0.01020408163265306,1.0,0.0,0.0,0.0,0.0,0.0920228755231848,0.0920228755231848
ThatTiredOne14,0.002032520325203252,0.0,0.0,0.0,0.0,6.768143701227065e-06,5.207396068382252e-06,0.01020408163265306,1.0,0.0,0.0,0.0,0.0,0.09202259795432964,0.09202259795432964
PurpleFuego_,0.002032520325203252,0.0,0.0,0.0,0.0,0.0,1.0770693306905737e-05,0.01020408163265306,1.0,0.0,0.0,0.0,0.0,0.09202248842283302,0.09202248842283302
I_said_Uhh,0.002032520325203252,0.0,0.0,0.0,0.0,6.768143701227065e-06,1.2737515562949392e-06,0.01020408163265306,1.0,0.0,0.0,0.0,0.0,0.09202224035028307,0.09202224035028307
JfpFor,0.002032520325203252,0.0,0.0,0.0,0.0,0.0,7.96094722684337e-06,0.01020408163265306,1.0,0.0,0.0,0.0,0.0,0.09202223299137119,0.09202223299137119
vermaabhishek4u,0.002032520325203252,0.0,0.0,0.0,0.0,0.0,1.4797996021661794e-06,0.01020408163265306,1.0,0.0,0.0,0.0,0.0,0.09202164379613259,0.09202164379613259
ItsUnico_,0.002032520325203252,0.0,0.0,0.0,0.0,0.0,9.553136672212045e-07,0.01020408163265306,1.0,0.0,0.0,0.0,0.0,0.09202159611559303,0.09202159611559303
poojashares,0.002032520325203252,0.0,0.0,0.0,0.0,0.0,7.305339808162152e-07,0.01020408163265306,1.0,0.0,0.0,0.0,0.0,0.0920215756810761,0.0920215756810761
huzi1502,0.002032520325203252,0.0,0.0,0.0,0.0,0.0,7.305339808162152e-07,0.01020408163265306,1.0,0.0,0.0,0.0,0.0,0.0920215756810761,0.0920215756810761
roudettej,0.002032520325203252,0.0,0.0,0.0,0.0,0.0,3.371695296074839e-07,0.01020408163265306,1.0,0.0,0.0,0.0,0.0,0.09202153992067146,0.09202153992067146
kanas171,0.002032520325203252,0.0,0.0,0.0,0.0,0.0,2.435113269387384e-07,0.01020408163265306,1.0,0.0,0.0,0.0,0.0,0.09202153140628938,0.09202153140628938
pujappathak,0.002032520325203252,0.0,0.0,0.0,0.0,0.0,2.0604804587124017e-07,0.01020408163265306,1.0,0.0,0.0,0.0,0.0,0.09202152800053655,0.09202152800053655
AjaykGupta1991,0.002032520325203252,0.0,0.0,0.0,0.0,0.0,1.4985312426999285e-07,0.01020408163265306,1.0,0.0,0.0,0.0,0.0,0.09202152289190732,0.09202152289190732
AdrianaStills,0.002032520325203252,0.0,0.0,0.0,0.0,0.0,9.365820266874553e-08,0.01020408163265306,1.0,0.0,0.0,0.0,0.0,0.09202151778327808,0.09202151778327808
imprincejerry,0.002032520325203252,0.0,0.0,0.0,0.0,0.0,0.0,0.01020408163265306,1.0,0.0,0.0,0.0,0.0,0.09202150926889603,0.09202150926889603
Jtwites1,0.002032520325203252,0.0,0.0,0.0,0.0,0.0,0.0,0.01020408163265306,1.0,0.0,0.0,0.0,0.0,0.09202150926889603,0.09202150926889603
palstakeaway,0.0,0.0,0.0,0.0,0.0,0.0013942376024527754,3.236827484231846e-05,0.01020408163265306,1.0,0.0,0.0,0.0,0.0,0.091966426137268,0.091966426137268
k13chris,0.0,0.0,0.0,0.0,0.0,0.0012250340099220988,4.991982202244137e-05,0.01020408163265306,1.0,0.0,0.0,0.0,0.0,0.09195263958769068,0.09195263958769068
aaronub4t,0.0,0.0,0.0,0.0,0.0,0.0009001631122631995,5.538946105829611e-05,0.01020408163265306,1.0,0.0,0.0,0.0,0.0,0.09192360310963404,0.09192360310963404
wu,0.0,0.0,0.0,0.0,0.0,0.0006632780827202523,2.111055888153524e-05,0.01020408163265306,1.0,0.0,0.0,0.0,0.0,0.09189895184311409,0.09189895184311409
Olacabs,0.0,0.0023148148148148147,0.0,0.0,1.6400219566838582e-35,0.001780021793422718,0.004685701147876805,0.9999999999999999,0.0020833333333333333,0.0,0.0,0.0,0.0,0.09189671555358615,0.09189671555358615
EmilinaLove,0.0,0.0,0.0,0.0,0.0,0.0005008426338908027,5.741247823594101e-05,0.01020408163265306,1.0,0.0,0.0,0.0,0.0,0.09188748515861635,0.09188748515861635
MahanEsfahani,0.0,0.0,0.0,0.0,0.0,0.0004602337716834404,8.414252927760099e-05,0.01020408163265306,1.0,0.0,0.0,0.0,0.0,0.09188622344851037,0.09188622344851037
aIonelynight,0.0,0.0,0.0,0.0,0.0,0.0003790160472687156,9.378932415248177e-05,0.01020408163265306,1.0,0.0,0.0,0.0,0.0,0.0918797170003704,0.0918797170003704
U3Development,0.0,0.0,0.0,0.0,0.0,0.00022334874214049313,3.396046428768713e-05,0.01020408163265306,1.0,0.0,0.0,0.0,0.0,0.09186012643991646,0.09186012643991646
hegemonprime,0.0,0.0,0.0,0.0,0.0,0.00022334874214049313,5.5258339574559866e-06,0.01020408163265306,1.0,0.0,0.0,0.0,0.0,0.09185754147352282,0.09185754147352282
tomcowlitz,0.0,0.0,0.0,0.0,0.0,0.00017597173623190367,5.256098333769999e-05,0.01020408163265306,1.0,0.0,0.0,0.0,0.0,0.09185751039565661,0.09185751039565661
talinkpink,0.0,0.0,0.0,0.0,0.0,0.000209812454738039,1.7045792885711687e-05,0.01020408163265306,1.0,0.0,0.0,0.0,0.0,0.09185735817093427,0.09185735817093427
HGNOFEAR,0.0,0.0,0.0,0.0,0.0,0.00019627616733558487,1.929358974976158e-05,0.01020408163265306,1.0,0.0,0.0,0.0,0.0,0.09185633194452167,0.09185633194452167
nathitab,0.0,0.0,0.0,0.0,0.0,0.00019627616733558487,1.3243269857360618e-05,0.01020408163265306,1.0,0.0,0.0,0.0,0.0,0.09185578191544054,0.09185578191544054
AlitoNet,0.0,0.0,0.0,0.0,0.0,0.00015566730512822248,2.916516431104736e-05,0.01020408163265306,1.0,0.0,0.0,0.0,0.0,0.09185353764564476,0.09185353764564476
AmanBaheti9,0.002032520325203252,0.0,0.0,0.0,0.0,0.0,2.0604804587124017e-07,0.9999999999999999,0.008333333333333333,0.0,0.0,0.0,0.0,0.09185145997332565,0.09185145997332565
ginadarling__,0.0,0.0,0.0,0.0,0.0,0.00010829029921963303,9.515673391144545e-06,0.01020408163265306,1.0,0.0,0.0,0.0,0.0,0.09184744432775126,0.09184744432775126
Templay,0.0,0.0,0.0,0.0,0.0,0.00010829029921963303,7.249144886560904e-06,0.01020408163265306,1.0,0.0,0.0,0.0,0.0,0.0918472382797054,0.0918472382797054
JordanMCarson,0.0,0.0,0.0,0.0,0.0,0.00010152215551840597,4.795299976639771e-06,0.01020408163265306,1.0,0.0,0.0,0.0,0.0,0.09184639991710437,0.09184639991710437
ParseTheSalt,0.0,0.0,0.0,0.0,0.0,8.798586811595184e-05,1.0208744090893262e-05,0.01020408163265306,1.0,0.0,0.0,0.0,0.0,0.09184566147680545,0.09184566147680545
Stupid_Bliss,0.0,0.0,0.0,0.0,0.0,7.44495807134977e-05,1.2868637046685636e-05,0.01020408163265306,1.0,0.0,0.0,0.0,0.0,0.09184467271367393,0.09184467271367393
Noahbout_it,0.0,0.0,0.0,0.0,0.0,5.414514960981652e-05,2.997062485399857e-05,0.01020408163265306,1.0,0.0,0.0,0.0,0.0,0.09184438158246518,0.09184438158246518
omoore24,0.0,0.0,0.0,0.0,0.0,6.091329331104358e-05,1.6877208120907946e-05,0.01020408163265306,1.0,0.0,0.0,0.0,0.0,0.09184380655764408,0.09184380655764408
aleenastweets,0.0,0.0,0.0,0.0,0.0,5.414514960981652e-05,1.3861413994974339e-05,0.01020408163265306,1.0,0.0,0.0,0.0,0.0,0.09184291710875071,0.09184291710875071
tazbaalz,0.0,0.0,0.0,0.0,0.0,6.091329331104358e-05,6.6684640300146816e-06,0.01020408163265306,1.0,0.0,0.0,0.0,0.0,0.09184287848999947,0.09184287848999947
DarreonsLife,0.0,0.0,0.0,0.0,0.0,3.384071850613532e-05,3.109452328602352e-05,0.01020408163265306,1.0,0.0,0.0,0.0,0.0,0.09184263789767684,0.09184263789767684
AshWeez,0.0,0.0,0.0,0.0,0.0,5.414514960981652e-05,4.870226538774767e-06,0.01020408163265306,1.0,0.0,0.0,0.0,0.0,0.09184209972807288,0.09184209972807288
BuntySoumya,0.0,0.0,0.0,0.0,0.0,4.737700590858945e-05,8.18572691324836e-06,0.01020408163265306,1.0,0.0,0.0,0.0,0.0,0.09184178585140682,0.09184178585140682
pelikanhead,0.0,0.0,0.0,0.0,0.0,4.0608862207362386e-05,9.759184718083285e-06,0.01020408163265306,1.0,0.0,0.0,0.0,0.0,0.09184131360723441,0.09184131360723441
Jackieg414,0.0,0.0,0.0,0.0,0.0,4.737700590858945e-05,1.4423363210986811e-06,0.01020408163265306,1.0,0.0,0.0,0.0,0.0,0.09184117281589844,0.09184117281589844
amingopalani,0.0,0.0,0.0,0.0,0.0,4.0608862207362386e-05,5.788076924928474e-06,0.01020408163265306,1.0,0.0,0.0,0.0,0.0,0.09184095259743504,0.09184095259743504
Doom_FGC,0.0,0.0,0.0,0.0,0.0,2.707257480490826e-05,1.8769103814816606e-05,0.01020408163265306,1.0,0.0,0.0,0.0,0.0,0.0918409021192066,0.0918409021192066
ImAndreM,0.0,0.0,0.0,0.0,0.0,4.0608862207362386e-05,5.113737865713506e-06,0.01020408163265306,1.0,0.0,0.0,0.0,0.0,0.09184089129388419,0.09184089129388419
_ItsVR,0.0,0.0,0.0,0.0,0.0,3.384071850613532e-05,7.848557383640875e-06,0.01020408163265306,1.0,0.0,0.0,0.0,0.0,0.09184052462804936,0.09184052462804936
johnkduggan,0.0,0.0,0.0,0.0,0.0,3.384071850613532e-05,5.86300348706347e-06,0.01020408163265306,1.0,0.0,0.0,0.0,0.0,0.09184034412314966,0.09184034412314966
cmflem,0.0,0.0,0.0,0.0,0.0,3.384071850613532e-05,5.675687081725979e-06,0.01020408163265306,1.0,0.0,0.0,0.0,0.0,0.09184032709438554,0.09184032709438554
nerdynoodle,0.0,0.0,0.0,0.0,0.0,3.384071850613532e-05,3.9898394336885595e-06,0.01020408163265306,1.0,0.0,0.0,0.0,0.0,0.09184017383550844,0.09184017383550844
simonwilsonza,0.0,0.0,0.0,0.0,0.0,3.384071850613532e-05,1.2175566346936918e-06,0.01020408163265306,1.0,0.0,0.0,0.0,0.0,0.09183992180979944,0.09183992180979944
devin_castillo,0.0,0.0,0.0,0.0,0.0,2.0304431103681193e-05,1.404873040031183e-05,0.01020408163265306,1.0,0.0,0.0,0.0,0.0,0.09183985770855974,0.09183985770855974
Samithads,0.0,0.0,0.0,0.0,0.0,2.707257480490826e-05,7.061828481223413e-06,0.01020408163265306,1.0,0.0,0.0,0.0,0.0,0.09183983782144901,0.09183983782144901
matthew356,0.0,0.0,0.0,0.0,0.0,2.707257480490826e-05,5.188664427848502e-06,0.01020408163265306,1.0,0.0,0.0,0.0,0.0,0.0918396675338078,0.0918396675338078
JustTieMe,0.0,0.0,0.0,0.0,0.0,2.707257480490826e-05,4.102229276891054e-06,0.01020408163265306,1.0,0.0,0.0,0.0,0.0,0.09183956876697591,0.09183956876697591
jonitanesa,0.0,0.0,0.0,0.0,0.0,2.707257480490826e-05,3.165647250203599e-06,0.01020408163265306,1.0,0.0,0.0,0.0,0.0,0.09183948362315529,0.09183948362315529
latigocoffee,0.0,0.0,0.0,0.0,0.0,2.707257480490826e-05,1.6858476480374194e-06,0.01020408163265306,1.0,0.0,0.0,0.0,0.0,0.09183934909591872,0.09183934909591872
dpaperin,0.0,0.0,0.0,0.0,0.0,2.707257480490826e-05,1.2550199157611902e-06,0.01020408163265306,1.0,0.0,0.0,0.0,0.0,0.09183930992976125,0.09183930992976125
raymondkeen,0.0,0.0,0.0,0.0,0.0,2.707257480490826e-05,4.4955937280997855e-07,0.01020408163265306,1.0,0.0,0.0,0.0,0.0,0.09183923670607554,0.09183923670607554
carolinegodess,0.0,0.0,0.0,0.0,0.0,1.353628740245413e-05,1.2175566346936919e-05,0.01020408163265306,1.0,0.0,0.0,0.0,0.0,0.09183907213512749,0.09183907213512749
Shuhustle,0.0,0.0,0.0,0.0,0.0,1.353628740245413e-05,9.815379639684532e-06,0.01020408163265306,1.0,0.0,0.0,0.0,0.0,0.09183885757269956,0.09183885757269956
laisfortaleza,0.0,0.0,0.0,0.0,0.0,2.0304431103681193e-05,2.641161315258624e-06,0.01020408163265306,1.0,0.0,0.0,0.0,0.0,0.09183882065682472,0.09183882065682472
Belzoond,0.0,0.0,0.0,0.0,0.0,1.353628740245413e-05,8.560359723923342e-06,0.01020408163265306,1.0,0.0,0.0,0.0,0.0,0.09183874347997995,0.09183874347997995
davejr555,0.0,0.0,0.0,0.0,0.0,1.353628740245413e-05,7.679972618837134e-06,0.01020408163265306,1.0,0.0,0.0,0.0,0.0,0.09183866344478858,0.09183866344478858
YaniClovers,0.0,0.0,0.0,0.0,0.0,1.353628740245413e-05,3.9898394336885595e-06,0.01020408163265306,1.0,0.0,0.0,0.0,0.0,0.09183832797813539,0.09183832797813539
EmmaD74,0.0,0.0,0.0,0.0,0.0,1.353628740245413e-05,2.9783308448661077e-06,0.01020408163265306,1.0,0.0,0.0,0.0,0.0,0.09183823602280912,0.09183823602280912
aaydouble,0.0,0.0,0.0,0.0,0.0,1.353628740245413e-05,2.9221359232648608e-06,0.01020408163265306,1.0,0.0,0.0,0.0,0.0,0.09183823091417988,0.09183823091417988
LouiseThomasD,0.0,0.0,0.0,0.0,0.0,1.353628740245413e-05,2.7910144395286168e-06,0.01020408163265306,1.0,0.0,0.0,0.0,0.0,0.091838218994045,0.091838218994045
_hunterraffety,0.0,0.0,0.0,0.0,0.0,1.353628740245413e-05,1.948090615509907e-06,0.01020408163265306,1.0,0.0,0.0,0.0,0.0,0.09183814236460645,0.09183814236460645
bayyu4u,0.0,0.0,0.0,0.0,0.0,1.353628740245413e-05,1.1800933536261937e-06,0.01020408163265306,1.0,0.0,0.0,0.0,0.0,0.09183807254667356,0.09183807254667356
Taylorlzper1234,0.0,0.0,0.0,0.0,0.0,6.768143701227065e-06,3.690133185148574e-06,0.01020408163265306,1.0,0.0,0.0,0.0,0.0,0.09183768544632177,0.09183768544632177
Waddell4J,0.0,0.0,0.0,0.0,0.0,6.768143701227065e-06,2.8659410016636134e-06,0.01020408163265306,1.0,0.0,0.0,0.0,0.0,0.09183761051975962,0.09183761051975962
lisamp1986,0.0,0.0,0.0,0.0,0.0,6.768143701227065e-06,2.341455066718638e-06,0.01020408163265306,1.0,0.0,0.0,0.0,0.0,0.09183756283922008,0.09183756283922008
Titoooo89,0.0,0.0,0.0,0.0,0.0,6.768143701227065e-06,2.2103335829823946e-06,0.01020408163265306,1.0,0.0,0.0,0.0,0.0,0.0918375509190852,0.0918375509190852
tehtech,0.0,0.0,0.0,0.0,0.0,6.768143701227065e-06,2.1541386613811473e-06,0.01020408163265306,1.0,0.0,0.0,0.0,0.0,0.09183754581045597,0.09183754581045597
vacationsbypam,0.0,0.0,0.0,0.0,0.0,6.768143701227065e-06,1.404873040031183e-06,0.01020408163265306,1.0,0.0,0.0,0.0,0.0,0.09183747769539949,0.09183747769539949
OneGallonZine,0.0,0.0,0.0,0.0,0.0,6.768143701227065e-06,1.0302402293562009e-06,0.01020408163265306,1.0,0.0,0.0,0.0,0.0,0.09183744363787123,0.09183744363787123
LovelyLydia808,0.0,0.0,0.0,0.0,0.0,6.768143701227065e-06,8.991187456199571e-07,0.01020408163265306,1.0,0.0,0.0,0.0,0.0,0.09183743171773635,0.09183743171773635
TrakHouseMusic,0.0,0.0,0.0,0.0,0.0,6.768143701227065e-06,7.679972618837133e-07,0.01020408163265306,1.0,0.0,0.0,0.0,0.0,0.09183741979760147,0.09183741979760147
ReallyBadAI,0.0,0.0,0.0,0.0,0.0,6.768143701227065e-06,5.806808565462223e-07,0.01020408163265306,1.0,0.0,0.0,0.0,0.0,0.09183740276883734,0.09183740276883734
CO_Fimbulvetr,0.0,0.0,0.0,0.0,0.0,6.768143701227065e-06,5.057542944112259e-07,0.01020408163265306,1.0,0.0,0.0,0.0,0.0,0.0918373959573317,0.0918373959573317
ViperXpyro,0.0,0.0,0.0,0.0,0.0,6.768143701227065e-06,3.9336445120873123e-07,0.01020408163265306,1.0,0.0,0.0,0.0,0.0,0.09183738574007322,0.09183738574007322
lizakb_,0.0,0.0,0.0,0.0,0.0,6.768143701227065e-06,3.371695296074839e-07,0.01020408163265306,1.0,0.0,0.0,0.0,0.0,0.09183738063144399,0.09183738063144399
ShivakumarHN3,0.0,0.0,0.0,0.0,0.0,6.768143701227065e-06,2.809746080062366e-07,0.01020408163265306,1.0,0.0,0.0,0.0,0.0,0.09183737552281475,0.09183737552281475
EzioKush,0.0,0.0,0.0,0.0,0.0,6.768143701227065e-06,9.365820266874553e-08,0.01020408163265306,1.0,0.0,0.0,0.0,0.0,0.09183735849405063,0.09183735849405063
KGrosenbach,0.0,0.0,0.0,0.0,0.0,0.0,6.481147624677191e-06,0.01020408163265306,1.0,0.0,0.0,0.0,0.0,0.09183732388911615,0.09183732388911615
biryaneemonster,0.0,0.0,0.0,0.0,0.0,0.0,6.106514814002209e-06,0.01020408163265306,1.0,0.0,0.0,0.0,0.0,0.09183728983158791,0.09183728983158791
wslvr,0.0,0.0,0.0,0.0,0.0,0.0,4.40193552543104e-06,0.01020408163265306,1.0,0.0,0.0,0.0,0.0,0.0918371348698344,0.0918371348698344
kaymarie_xxx,0.0,0.0,0.0,0.0,0.0,0.0,4.270814041694796e-06,0.01020408163265306,1.0,0.0,0.0,0.0,0.0,0.09183712294969952,0.09183712294969952
AngeleahChavis,0.0,0.0,0.0,0.0,0.0,0.0,3.839986309418567e-06,0.01020408163265306,1.0,0.0,0.0,0.0,0.0,0.09183708378354205,0.09183708378354205
Madamme_Butt,0.0,0.0,0.0,0.0,0.0,0.0,3.7837913878173193e-06,0.01020408163265306,1.0,0.0,0.0,0.0,0.0,0.09183707867491281,0.09183707867491281
makaveli_alpha,0.0,0.0,0.0,0.0,0.0,0.0,3.7463281067498212e-06,0.01020408163265306,1.0,0.0,0.0,0.0,0.0,0.09183707526915998,0.09183707526915998
DakotaEldridge_,0.0,0.0,0.0,0.0,0.0,0.0,2.9783308448661077e-06,0.01020408163265306,1.0,0.0,0.0,0.0,0.0,0.0918370054512271,0.0918370054512271
krisc334,0.0,0.0,0.0,0.0,0.0,0.0,2.959599204332359e-06,0.01020408163265306,1.0,0.0,0.0,0.0,0.0,0.09183700374835067,0.09183700374835067
HFTUYONMARS,0.0,0.0,0.0,0.0,0.0,0.0,2.9034042827311115e-06,0.01020408163265306,1.0,0.0,0.0,0.0,0.0,0.09183699863972143,0.09183699863972143
Alexandra__19xx,0.0,0.0,0.0,0.0,0.0,0.0,2.5100398315223803e-06,0.01020408163265306,1.0,0.0,0.0,0.0,0.0,0.09183696287931677,0.09183696287931677
lmalia984,0.0,0.0,0.0,0.0,0.0,0.0,2.172870301914896e-06,0.01020408163265306,1.0,0.0,0.0,0.0,0.0,0.09183693222754136,0.09183693222754136
itsprincessshan,0.0,0.0,0.0,0.0,0.0,0.0,2.172870301914896e-06,0.01020408163265306,1.0,0.0,0.0,0.0,0.0,0.09183693222754136,0.09183693222754136
Whitney72351908,0.0,0.0,0.0,0.0,0.0,0.0,1.910627334442409e-06,0.01020408163265306,1.0,0.0,0.0,0.0,0.0,0.0918369083872716,0.0918369083872716
budgie1976,0.0,0.0,0.0,0.0,0.0,0.0,1.8918956939086597e-06,0.01020408163265306,1.0,0.0,0.0,0.0,0.0,0.09183690668439519,0.09183690668439519
becauseufollow,0.0,0.0,0.0,0.0,0.0,0.0,1.8544324128411616e-06,0.01020408163265306,1.0,0.0,0.0,0.0,0.0,0.09183690327864236,0.09183690327864236
chaprucha,0.0,0.0,0.0,0.0,0.0,0.0,1.7045792885711687e-06,0.01020408163265306,1.0,0.0,0.0,0.0,0.0,0.09183688965563105,0.09183688965563105
robertaur,0.0,0.0,0.0,0.0,0.0,0.0,1.7045792885711687e-06,0.01020408163265306,1.0,0.0,0.0,0.0,0.0,0.09183688965563105,0.09183688965563105
gangstah_minnie,0.0,0.0,0.0,0.0,0.0,0.0,1.592189445368674e-06,0.01020408163265306,1.0,0.0,0.0,0.0,0.0,0.09183687943837258,0.09183687943837258
MemphisMo85,0.0,0.0,0.0,0.0,0.0,0.0,1.3486781184299356e-06,0.01020408163265306,1.0,0.0,0.0,0.0,0.0,0.09183685730097922,0.09183685730097922
LBerg10,0.0,0.0,0.0,0.0,0.0,0.0,1.1988249941599428e-06,0.01020408163265306,1.0,0.0,0.0,0.0,0.0,0.09183684367796792,0.09183684367796792
ratan_parmar,0.0,0.0,0.0,0.0,0.0,0.0,1.1613617130924447e-06,0.01020408163265306,1.0,0.0,0.0,0.0,0.0,0.09183684027221511,0.09183684027221511
auntiekerry,0.0,0.0,0.0,0.0,0.0,0.0,1.086435150957448e-06,0.01020408163265306,1.0,0.0,0.0,0.0,0.0,0.09183683346070945,0.09183683346070945
digitalclocktik,0.0,0.0,0.0,0.0,0.0,0.0,1.067703510423699e-06,0.01020408163265306,1.0,0.0,0.0,0.0,0.0,0.09183683175783304,0.09183683175783304
Chill_Childhood,0.0,0.0,0.0,0.0,0.0,0.0,9.927769482887026e-07,0.01020408163265306,1.0,0.0,0.0,0.0,0.0,0.0918368249463274,0.0918368249463274
salmantamboli07,0.0,0.0,0.0,0.0,0.0,0.0,8.241921834849607e-07,0.01020408163265306,1.0,0.0,0.0,0.0,0.0,0.09183680962043969,0.09183680962043969
CaonaboT,0.0,0.0,0.0,0.0,0.0,0.0,8.241921834849607e-07,0.01020408163265306,1.0,0.0,0.0,0.0,0.0,0.09183680962043969,0.09183680962043969
MachinJames,0.0,0.0,0.0,0.0,0.0,0.0,7.679972618837133e-07,0.01020408163265306,1.0,0.0,0.0,0.0,0.0,0.09183680451181045,0.09183680451181045
nniikkss,0.0,0.0,0.0,0.0,0.0,0.0,7.492656213499642e-07,0.01020408163265306,1.0,0.0,0.0,0.0,0.0,0.09183680280893404,0.09183680280893404
Jainabhay11,0.0,0.0,0.0,0.0,0.0,0.0,7.305339808162152e-07,0.01020408163265306,1.0,0.0,0.0,0.0,0.0,0.09183680110605762,0.09183680110605762
arunkhatri87,0.0,0.0,0.0,0.0,0.0,0.0,7.305339808162152e-07,0.01020408163265306,1.0,0.0,0.0,0.0,0.0,0.09183680110605762,0.09183680110605762
anshu_sg,0.0,0.0,0.0,0.0,0.0,0.0,7.11802340282466e-07,0.01020408163265306,1.0,0.0,0.0,0.0,0.0,0.09183679940318122,0.09183679940318122
bijit120,0.0,0.0,0.0,0.0,0.0,0.0,6.556074186812188e-07,0.01020408163265306,1.0,0.0,0.0,0.0,0.0,0.09183679429455198,0.09183679429455198
nerdworking_man,0.0,0.0,0.0,0.0,0.0,0.0,5.994124970799714e-07,0.01020408163265306,1.0,0.0,0.0,0.0,0.0,0.09183678918592274,0.09183678918592274
dgins79,0.0,0.0,0.0,0.0,0.0,0.0,5.994124970799714e-07,0.01020408163265306,1.0,0.0,0.0,0.0,0.0,0.09183678918592274,0.09183678918592274
truemeathead,0.0,0.0,0.0,0.0,0.0,0.0,5.806808565462223e-07,0.01020408163265306,1.0,0.0,0.0,0.0,0.0,0.09183678748304634,0.09183678748304634
TheBiggestApple,0.0,0.0,0.0,0.0,0.0,0.0,5.057542944112259e-07,0.01020408163265306,1.0,0.0,0.0,0.0,0.0,0.09183678067154068,0.09183678067154068
byesexualniall,0.0,0.0,0.0,0.0,0.0,0.0,4.3082773227622944e-07,0.01020408163265306,1.0,0.0,0.0,0.0,0.0,0.09183677386003503,0.09183677386003503
ramtweet12,0.0,0.0,0.0,0.0,0.0,0.0,3.55901170141233e-07,0.01020408163265306,1.0,0.0,0.0,0.0,0.0,0.09183676704852939,0.09183676704852939
pratibhajain10,0.0,0.0,0.0,0.0,0.0,0.0,3.371695296074839e-07,0.01020408163265306,1.0,0.0,0.0,0.0,0.0,0.09183676534565297,0.09183676534565297
NdiayeLomlaye,0.0,0.0,0.0,0.0,0.0,0.0,3.371695296074839e-07,0.01020408163265306,1.0,0.0,0.0,0.0,0.0,0.09183676534565297,0.09183676534565297
ZionBenjamin11,0.0,0.0,0.0,0.0,0.0,0.0,3.184378890737348e-07,0.01020408163265306,1.0,0.0,0.0,0.0,0.0,0.09183676364277656,0.09183676364277656
ankitsarda7,0.0,0.0,0.0,0.0,0.0,0.0,2.809746080062366e-07,0.01020408163265306,1.0,0.0,0.0,0.0,0.0,0.09183676023702372,0.09183676023702372
oompa1974,0.0,0.0,0.0,0.0,0.0,0.0,2.809746080062366e-07,0.01020408163265306,1.0,0.0,0.0,0.0,0.0,0.09183676023702372,0.09183676023702372
wfs8000,0.0,0.0,0.0,0.0,0.0,0.0,2.2477968640498927e-07,0.01020408163265306,1.0,0.0,0.0,0.0,0.0,0.0918367551283945,0.0918367551283945
mary_jane_risch,0.0,0.0,0.0,0.0,0.0,0.0,2.2477968640498927e-07,0.01020408163265306,1.0,0.0,0.0,0.0,0.0,0.0918367551283945,0.0918367551283945
CapHaVy,0.0,0.0,0.0,0.0,0.0,0.0,2.2477968640498927e-07,0.01020408163265306,1.0,0.0,0.0,0.0,0.0,0.0918367551283945,0.0918367551283945
JuansePeralbo,0.0,0.0,0.0,0.0,0.0,0.0,2.2477968640498927e-07,0.01020408163265306,1.0,0.0,0.0,0.0,0.0,0.0918367551283945,0.0918367551283945
ConorFerguson18,0.0,0.0,0.0,0.0,0.0,0.0,2.0604804587124017e-07,0.01020408163265306,1.0,0.0,0.0,0.0,0.0,0.09183675342551809,0.09183675342551809
chrisjh18,0.0,0.0,0.0,0.0,0.0,0.0,2.0604804587124017e-07,0.01020408163265306,1.0,0.0,0.0,0.0,0.0,0.09183675342551809,0.09183675342551809
IntegratedPaper,0.0,0.0,0.0,0.0,0.0,0.0,2.0604804587124017e-07,0.01020408163265306,1.0,0.0,0.0,0.0,0.0,0.09183675342551809,0.09183675342551809
Yommigold8,0.0,0.0,0.0,0.0,0.0,0.0,2.0604804587124017e-07,0.01020408163265306,1.0,0.0,0.0,0.0,0.0,0.09183675342551809,0.09183675342551809
ekbhartiye007,0.0,0.0,0.0,0.0,0.0,0.0,2.0604804587124017e-07,0.01020408163265306,1.0,0.0,0.0,0.0,0.0,0.09183675342551809,0.09183675342551809
xBreastMilkx,0.0,0.0,0.0,0.0,0.0,0.0,1.8731640533749106e-07,0.01020408163265306,1.0,0.0,0.0,0.0,0.0,0.09183675172264168,0.09183675172264168
Raushan15007472,0.0,0.0,0.0,0.0,0.0,0.0,1.6858476480374195e-07,0.01020408163265306,1.0,0.0,0.0,0.0,0.0,0.09183675001976525,0.09183675001976525
cmorton1234,0.0,0.0,0.0,0.0,0.0,0.0,1.6858476480374195e-07,0.01020408163265306,1.0,0.0,0.0,0.0,0.0,0.09183675001976525,0.09183675001976525
NitinDw73394421,0.0,0.0,0.0,0.0,0.0,0.0,1.6858476480374195e-07,0.01020408163265306,1.0,0.0,0.0,0.0,0.0,0.09183675001976525,0.09183675001976525
Captin_Wong,0.0,0.0,0.0,0.0,0.0,0.0,1.4985312426999285e-07,0.01020408163265306,1.0,0.0,0.0,0.0,0.0,0.09183674831688884,0.09183674831688884
SandraMenottis,0.0,0.0,0.0,0.0,0.0,0.0,1.3112148373624374e-07,0.01020408163265306,1.0,0.0,0.0,0.0,0.0,0.09183674661401243,0.09183674661401243
Jaan_Afroz,0.0,0.0,0.0,0.0,0.0,0.0,1.3112148373624374e-07,0.01020408163265306,1.0,0.0,0.0,0.0,0.0,0.09183674661401243,0.09183674661401243
Vanshaj_Verma_,0.0,0.0,0.0,0.0,0.0,0.0,1.3112148373624374e-07,0.01020408163265306,1.0,0.0,0.0,0.0,0.0,0.09183674661401243,0.09183674661401243
LauraVannoy,0.0,0.0,0.0,0.0,0.0,0.0,1.3112148373624374e-07,0.01020408163265306,1.0,0.0,0.0,0.0,0.0,0.09183674661401243,0.09183674661401243
JPatashna,0.0,0.0,0.0,0.0,0.0,0.0,1.1238984320249464e-07,0.01020408163265306,1.0,0.0,0.0,0.0,0.0,0.09183674491113601,0.09183674491113601
J13Bree,0.0,0.0,0.0,0.0,0.0,0.0,9.365820266874553e-08,0.01020408163265306,1.0,0.0,0.0,0.0,0.0,0.09183674320825962,0.09183674320825962
RisDelhi,0.0,0.0,0.0,0.0,0.0,0.0,9.365820266874553e-08,0.01020408163265306,1.0,0.0,0.0,0.0,0.0,0.09183674320825962,0.09183674320825962
Trizz60045395,0.0,0.0,0.0,0.0,0.0,0.0,9.365820266874553e-08,0.01020408163265306,1.0,0.0,0.0,0.0,0.0,0.09183674320825962,0.09183674320825962
VisCool628,0.0,0.0,0.0,0.0,0.0,0.0,9.365820266874553e-08,0.01020408163265306,1.0,0.0,0.0,0.0,0.0,0.09183674320825962,0.09183674320825962
randytho,0.0,0.0,0.0,0.0,0.0,0.0,9.365820266874553e-08,0.01020408163265306,1.0,0.0,0.0,0.0,0.0,0.09183674320825962,0.09183674320825962
froggameister1,0.0,0.0,0.0,0.0,0.0,0.0,7.492656213499642e-08,0.01020408163265306,1.0,0.0,0.0,0.0,0.0,0.09183674150538321,0.09183674150538321
AnupSha62696274,0.0,0.0,0.0,0.0,0.0,0.0,7.492656213499642e-08,0.01020408163265306,1.0,0.0,0.0,0.0,0.0,0.09183674150538321,0.09183674150538321
sickchuck,0.0,0.0,0.0,0.0,0.0,0.0,7.492656213499642e-08,0.01020408163265306,1.0,0.0,0.0,0.0,0.0,0.09183674150538321,0.09183674150538321
rahul_sati55,0.0,0.0,0.0,0.0,0.0,0.0,7.492656213499642e-08,0.01020408163265306,1.0,0.0,0.0,0.0,0.0,0.09183674150538321,0.09183674150538321
Mollielouise22,0.0,0.0,0.0,0.0,0.0,0.0,5.619492160124732e-08,0.01020408163265306,1.0,0.0,0.0,0.0,0.0,0.09183673980250678,0.09183673980250678
MsDoriya,0.0,0.0,0.0,0.0,0.0,0.0,5.619492160124732e-08,0.01020408163265306,1.0,0.0,0.0,0.0,0.0,0.09183673980250678,0.09183673980250678
IronicaLirica,0.0,0.0,0.0,0.0,0.0,0.0,5.619492160124732e-08,0.01020408163265306,1.0,0.0,0.0,0.0,0.0,0.09183673980250678,0.09183673980250678
Eddienu43283041,0.0,0.0,0.0,0.0,0.0,0.0,3.746328106749821e-08,0.01020408163265306,1.0,0.0,0.0,0.0,0.0,0.09183673809963037,0.09183673809963037
Onlearningpath,0.0,0.0,0.0,0.0,0.0,0.0,3.746328106749821e-08,0.01020408163265306,1.0,0.0,0.0,0.0,0.0,0.09183673809963037,0.09183673809963037
jennp0412,0.0,0.0,0.0,0.0,0.0,0.0,1.8731640533749106e-08,0.01020408163265306,1.0,0.0,0.0,0.0,0.0,0.09183673639675397,0.09183673639675397
Rakshit17349779,0.0,0.0,0.0,0.0,0.0,0.0,1.8731640533749106e-08,0.01020408163265306,1.0,0.0,0.0,0.0,0.0,0.09183673639675397,0.09183673639675397
sasha_tyndale,0.0,0.0,0.0,0.0,0.0,0.0,1.8731640533749106e-08,0.01020408163265306,1.0,0.0,0.0,0.0,0.0,0.09183673639675397,0.09183673639675397
as7hokme,0.0,0.0,0.0,0.0,0.0,0.0,1.8731640533749106e-08,0.01020408163265306,1.0,0.0,0.0,0.0,0.0,0.09183673639675397,0.09183673639675397
SureshV00545957,0.0,0.0,0.0,0.0,0.0,0.0,0.0,0.01020408163265306,1.0,0.0,0.0,0.0,0.0,0.09183673469387754,0.09183673469387754
Sayanta64414275,0.0,0.0,0.0,0.0,0.0,0.0,0.0,0.01020408163265306,1.0,0.0,0.0,0.0,0.0,0.09183673469387754,0.09183673469387754
panzarella_bob,0.0,0.0,0.0,0.0,0.0,0.0,0.0,0.01020408163265306,1.0,0.0,0.0,0.0,0.0,0.09183673469387754,0.09183673469387754
Gabriel22180319,0.0,0.0,0.0,0.0,0.0,0.0,0.0,0.01020408163265306,1.0,0.0,0.0,0.0,0.0,0.09183673469387754,0.09183673469387754
SunnyKu16695074,0.0,0.0,0.0,0.0,0.0,0.0,0.0,0.01020408163265306,1.0,0.0,0.0,0.0,0.0,0.09183673469387754,0.09183673469387754
pil_sha,0.0,0.0,0.0,0.0,0.0,0.0,0.0,0.01020408163265306,1.0,0.0,0.0,0.0,0.0,0.09183673469387754,0.09183673469387754
RobertPl9,0.0,0.0,0.0,0.0,0.0,0.0,0.0,0.01020408163265306,1.0,0.0,0.0,0.0,0.0,0.09183673469387754,0.09183673469387754
Sinia29509483,0.0,0.0,0.0,0.0,0.0,0.0,0.0,0.01020408163265306,1.0,0.0,0.0,0.0,0.0,0.09183673469387754,0.09183673469387754
Nandu_M_S,0.0,0.0,0.0,0.0,0.0,0.0,0.0,0.01020408163265306,1.0,0.0,0.0,0.0,0.0,0.09183673469387754,0.09183673469387754
mnhorvath1,0.0,0.0,0.0,0.0,0.0,0.0,0.0,0.01020408163265306,1.0,0.0,0.0,0.0,0.0,0.09183673469387754,0.09183673469387754
Eric2254108708,0.0,0.0,0.0,0.0,0.0,0.0,0.0,0.01020408163265306,1.0,0.0,0.0,0.0,0.0,0.09183673469387754,0.09183673469387754
Sameer_10001,0.0,0.0,0.0,0.0,0.0,0.0,0.0,0.01020408163265306,1.0,0.0,0.0,0.0,0.0,0.09183673469387754,0.09183673469387754
Stephan38180557,0.0,0.0,0.0,0.0,0.0,0.0,0.0,0.01020408163265306,1.0,0.0,0.0,0.0,0.0,0.09183673469387754,0.09183673469387754
RakeshSheth15,0.0,0.0,0.0,0.0,0.0,0.0,0.0,0.01020408163265306,1.0,0.0,0.0,0.0,0.0,0.09183673469387754,0.09183673469387754
MeghaSahu1,0.0,0.0,0.0,0.0,0.0,0.0,0.0,0.01020408163265306,1.0,0.0,0.0,0.0,0.0,0.09183673469387754,0.09183673469387754
KelleyCabbana,0.002032520325203252,0.0,0.0,0.0,0.0,0.001793558080825172,0.0008945107620486548,0.9999999999999999,0.004166666666666667,0.0,0.0,0.0,0.0,0.09171702325770398,0.09171702325770398
AshIeyysuxx,0.0,0.0,0.0,0.0,0.0,0.00020304431103681194,6.597283795986435e-05,0.9999999999999999,0.008333333333333333,0.0,0.0,0.0,0.0,0.09169112277112089,0.09169112277112089
StepinCafe13,0.0,0.0,0.0,0.0,0.0,0.0,3.746328106749821e-08,0.9999999999999999,0.008333333333333333,0.0,0.0,0.0,0.0,0.09166667007241948,0.09166667007241948
James_Carleton,0.0040650406504065045,0.0,0.0,0.0,0.0,0.00017597173623190367,2.077338935192776e-05,0.9999999999999999,0.0020833333333333333,0.0,0.0,0.0,0.0,0.09148591991902942,0.09148591991902942
rizwan_tahir_,0.0,0.0,0.0,0.0,0.0,3.384071850613532e-05,3.6714015446148246e-06,0.9999999999999999,0.00625,0.0,0.0,0.0,0.0,0.09148068292000461,0.09148068292000461
TicaTica918,0.0,0.0,0.0,0.0,0.0,0.0,2.0604804587124017e-07,0.9999999999999999,0.00625,0.0,0.0,0.0,0.0,0.09147729145891326,0.09147729145891326
tmp63,0.0,0.0,0.0,0.0,0.0,0.0,5.619492160124732e-08,0.9999999999999999,0.00625,0.0,0.0,0.0,0.0,0.09147727783590195,0.09147727783590195
narendrajrajput,0.002032520325203252,0.0,0.0,0.0,0.0,1.353628740245413e-05,2.6973562368598713e-06,0.9999999999999999,0.004166666666666667,0.0,0.0,0.0,0.0,0.09147412914868265,0.09147412914868265
_abhishek_T7,0.002032520325203252,0.0,0.0,0.0,0.0,0.0,9.365820266874553e-08,0.9999999999999999,0.004166666666666667,0.0,0.0,0.0,0.0,0.0914726618772793,0.0914726618772793
Climeworks,0.0,0.0023148148148148147,0.0,0.0,1.6400219566838582e-35,0.0013400924528429589,0.00015972469883127863,0.9999999999999999,0.0020833333333333333,0.0,0.0,0.0,0.0,0.09144526957271112,0.09144526957271112
TwoFourFours,0.0,0.0,0.0,0.0,0.0,0.0008933949685619725,0.00020524258532828897,0.9999999999999999,0.004166666666666667,0.0,0.0,0.0,0.0,0.09138775492914153,0.09138775492914153
andrew_grossett,0.0,0.0,0.0,0.0,0.0,0.00020304431103681194,1.0040159326089521e-05,0.9999999999999999,0.004166666666666667,0.0,0.0,0.0,0.0,0.09130725010336631,0.09130725010336631
jvsrk70,0.0,0.0,0.0,0.0,0.0,0.00010152215551840597,4.476862087566036e-06,0.9999999999999999,0.004166666666666667,0.0,0.0,0.0,0.0,0.09129751506220658,0.09129751506220658
Iamherod,0.0,0.0,0.0,0.0,0.0,8.798586811595184e-05,3.839986309418567e-06,0.9999999999999999,0.004166666666666667,0.0,0.0,0.0,0.0,0.09129622659282655,0.09129622659282655
jstocks21,0.0,0.0,0.0,0.0,0.0,4.737700590858945e-05,6.406221062542194e-06,0.9999999999999999,0.004166666666666667,0.0,0.0,0.0,0.0,0.09129276817214887,0.09129276817214887
keilacudi,0.0,0.0,0.0,0.0,0.0,3.384071850613532e-05,1.8300812801472877e-05,0.9999999999999999,0.004166666666666667,0.0,0.0,0.0,0.0,0.09129261892708856,0.09129261892708856
pdirubbo,0.0,0.0,0.0,0.0,0.0,2.0304431103681193e-05,2.7348195179273694e-06,0.9999999999999999,0.004166666666666667,0.0,0.0,0.0,0.0,0.09128997326520802,0.09128997326520802
GoogleMeChris,0.0,0.0,0.0,0.0,0.0,1.353628740245413e-05,3.165647250203599e-06,0.9999999999999999,0.004166666666666667,0.0,0.0,0.0,0.0,0.09128939714557448,0.09128939714557448
LukasTaulbee,0.0,0.0,0.0,0.0,0.0,6.768143701227065e-06,2.5662347531236277e-06,0.9999999999999999,0.004166666666666667,0.0,0.0,0.0,0.0,0.09128872736773826,0.09128872736773826
iamrebelmade,0.0,0.0,0.0,0.0,0.0,6.768143701227065e-06,3.371695296074839e-07,0.9999999999999999,0.004166666666666667,0.0,0.0,0.0,0.0,0.09128852472544521,0.09128852472544521
x_iimaStar_x,0.0,0.0,0.0,0.0,0.0,0.0,3.6526699040810757e-06,0.9999999999999999,0.004166666666666667,0.0,0.0,0.0,0.0,0.09128821084877914,0.09128821084877914
pallo7777,0.0,0.0,0.0,0.0,0.0,0.0,2.809746080062366e-06,0.9999999999999999,0.004166666666666667,0.0,0.0,0.0,0.0,0.09128813421934061,0.09128813421934061
LiveZones,0.0,0.0,0.0,0.0,0.0,0.0,1.8544324128411616e-06,0.9999999999999999,0.004166666666666667,0.0,0.0,0.0,0.0,0.09128804737264358,0.09128804737264358
skolliepops,0.0,0.0,0.0,0.0,0.0,0.0,1.5359945237674266e-06,0.9999999999999999,0.004166666666666667,0.0,0.0,0.0,0.0,0.09128801842374457,0.09128801842374457
swarajsingh735,0.0,0.0,0.0,0.0,0.0,0.0,1.3112148373624374e-07,0.9999999999999999,0.004166666666666667,0.0,0.0,0.0,0.0,0.09128789070801367,0.09128789070801367
AZCloutGodz,0.0,0.0,0.0,0.0,0.0,0.0,1.1238984320249464e-07,0.9999999999999999,0.004166666666666667,0.0,0.0,0.0,0.0,0.09128788900513723,0.09128788900513723
JerryAltschul,0.0,0.0,0.0,0.0,0.0,0.0,9.365820266874553e-08,0.9999999999999999,0.004166666666666667,0.0,0.0,0.0,0.0,0.09128788730226084,0.09128788730226084
KP23899,0.0,0.0,0.0,0.0,0.0,0.0,9.365820266874553e-08,0.9999999999999999,0.004166666666666667,0.0,0.0,0.0,0.0,0.09128788730226084,0.09128788730226084
AH46964879,0.0,0.0,0.0,0.0,0.0,0.0,0.0,0.9999999999999999,0.004166666666666667,0.0,0.0,0.0,0.0,0.09128787878787879,0.09128787878787879
Milky_Ways_8,0.0,0.0,0.0,0.0,0.0,0.0,0.0,0.9999999999999999,0.004166666666666667,0.0,0.0,0.0,0.0,0.09128787878787879,0.09128787878787879
Franciscereyah1,0.0,0.0,0.0,0.0,0.0,0.0,0.0,0.9999999999999999,0.004166666666666667,0.0,0.0,0.0,0.0,0.09128787878787879,0.09128787878787879
lucho_walker,0.0,0.0,0.0,0.0,0.0,6.091329331104358e-05,6.6684640300146816e-06,0.9999999999999999,0.0020833333333333333,0.0,0.0,0.0,0.0,0.09110462864460676,0.09110462864460676
mackenziewayne,0.0,0.0,0.0,0.0,0.0,4.0608862207362386e-05,6.556074186812188e-07,0.9999999999999999,0.0020833333333333333,0.0,0.0,0.0,0.0,0.09110223616390539,0.09110223616390539
Manoj_kat,0.0,0.0,0.0,0.0,0.0,6.768143701227065e-06,2.3227234261848892e-05,0.9999999999999999,0.0020833333333333333,0.0,0.0,0.0,0.0,0.09110121170102695,0.09110121170102695
thedavidnoel,0.0,0.0,0.0,0.0,0.0,6.768143701227065e-06,1.5547261643011759e-06,0.9999999999999999,0.0020833333333333333,0.0,0.0,0.0,0.0,0.09109924147301808,0.09109924147301808
ankitagrawal619,0.0,0.0,0.0,0.0,0.0,0.0,8.241921834849607e-07,0.9999999999999999,0.0020833333333333333,0.0,0.0,0.0,0.0,0.09109855977504698,0.09109855977504698
JustLovely922,0.0,0.0,0.0,0.0,0.0,0.0,6.181441376137204e-07,0.9999999999999999,0.0020833333333333333,0.0,0.0,0.0,0.0,0.09109854104340644,0.09109854104340644
BiscuitsJohn,0.0,0.0,0.0,0.0,0.0,0.0,2.809746080062366e-07,0.9999999999999999,0.0020833333333333333,0.0,0.0,0.0,0.0,0.09109851039163103,0.09109851039163103
tmmenon,0.002032520325203252,0.5005793742757821,0.0,0.0,0.1373678358509545,0.00012182658662208716,3.7444549426964465e-05,0.030612244897959183,0.05416666666666667,0.0,0.0,0.0,0.0,0.06590162846841953,0.06590162846841953
miraculous017,0.002032520325203252,0.5005793742757821,0.0,0.0,0.1373678358509545,6.768143701227065e-06,5.9753933302659645e-05,0.02040816326530612,0.05416666666666667,0.0,0.0,0.0,0.0,0.06496555295099243,0.06496555295099243
manekari,0.0040650406504065045,0.5005793742757821,0.0034853921066119943,0.0034853921066119943,0.1373678358509545,0.00023688502954294726,1.3580439386968103e-05,0.030612244897959183,0.03125,0.0,0.0,0.0,0.0,0.06464506775975057,0.06464506775975057
matdel69,0.0,0.5017367801327339,0.0,0.0,0.1373678358509545,0.0,1.8731640533749106e-08,0.0,0.0,0.0,0.0,0.0,0.0,0.058100421337757176,0.058100421337757176
Uber,0.04878048780487805,0.3477582650759734,0.0,0.0,0.07547169811320759,0.029847513722411356,0.019737080071038623,0.02040816326530612,0.05416666666666667,0.0,0.0,0.0,0.0,0.05419726133813471,0.05419726133813471
backofmyhonda,0.0,0.0,0.0,0.0,0.0,3.384071850613532e-05,9.515673391144545e-06,0.11224489795918366,0.010416666666666666,0.0,0.0,0.0,0.0,0.011154992819795238,0.011154992819795238
Frobnosticator,0.0,0.0,0.0,0.0,0.0,0.0,1.8731640533749106e-07,0.11224489795918366,0.010416666666666666,0.0,0.0,0.0,0.0,0.011151068358386878,0.011151068358386878
santosh59031968,0.0,0.0,0.0,0.0,0.0,0.0,1.3112148373624374e-07,0.11224489795918366,0.010416666666666666,0.0,0.0,0.0,0.0,0.011151063249757643,0.011151063249757643
BijuNathChoudh1,0.0,0.0,0.0,0.0,0.0,0.0,1.8731640533749106e-08,0.11224489795918366,0.010416666666666666,0.0,0.0,0.0,0.0,0.01115105303249917,0.01115105303249917
Deekshikoppa,0.0060975609756097554,0.0,0.0,0.0,0.0,1.353628740245413e-05,6.631000748947184e-06,0.11224489795918366,0.0020833333333333333,0.0,0.0,0.0,0.0,0.010949632686934378,0.010949632686934378
JabStrategy,0.0,0.0,0.0,0.0,0.0,0.00016243544882944954,6.350026140940947e-06,0.11224489795918366,0.0020833333333333333,0.0,0.0,0.0,0.0,0.010408819706135218,0.010408819706135218
crliew,0.0,0.0,0.0,0.0,0.0,6.768143701227065e-06,4.870226538774768e-07,0.11224489795918366,0.0020833333333333333,0.0,0.0,0.0,0.0,0.010394135132624736,0.010394135132624736
alberteje66,0.0,0.0,0.0,0.0,0.0,7.44495807134977e-05,1.0733230025838238e-05,0.0510204081632653,0.05416666666666667,0.0,0.0,0.0,0.0,0.009570205240061027,0.009570205240061027
jatinbkumar,0.0,0.0,0.0,0.0,0.0,0.0,0.0,0.0510204081632653,0.05416666666666667,0.0,0.0,0.0,0.0,0.009562461348175634,0.009562461348175634
OCpatriot123,0.0,0.0,0.0,0.0,0.0,1.353628740245413e-05,2.4182547929070097e-05,0.030612244897959183,0.05416666666666667,0.0,0.0,0.0,0.0,0.007710602763632488,0.007710602763632488
Thisisreallysil,0.0,0.0,0.0,0.0,0.0,0.0,9.365820266874553e-08,0.030612244897959183,0.05416666666666667,0.0,0.0,0.0,0.0,0.007707182292984411,0.007707182292984411
MacheTatty,0.0,0.0,0.0,0.0,0.0,0.0,3.746328106749821e-08,0.030612244897959183,0.05416666666666667,0.0,0.0,0.0,0.0,0.007707177184355174,0.007707177184355174
ssswirly,0.0,0.0,0.0,0.0,0.0,0.0,1.6483843669699213e-06,0.0510204081632653,0.03125,0.0,0.0,0.0,0.0,0.00747927786796657,0.00747927786796657
UberUKsupport,0.0,0.0023148148148148147,0.0,0.0,1.6400219566838582e-35,0.0003857841909699427,0.0005005281667023099,0.02040816326530612,0.05416666666666667,0.0,0.0,0.0,0.0,0.0070705415549508965,0.0070705415549508965
Bolt__fx,0.002032520325203252,0.0,0.0,0.0,0.0,6.768143701227065e-06,4.3082773227622944e-07,0.02040816326530612,0.05416666666666667,0.0,0.0,0.0,0.0,0.006964959020782687,0.006964959020782687
omars81,0.0,0.0,0.0,0.0,0.0,0.0001895080236343578,1.088308315010823e-05,0.02040816326530612,0.05416666666666667,0.0,0.0,0.0,0.0,0.00679774736715975,0.00679774736715975
EvanBrownAuthor,0.0,0.0,0.0,0.0,0.0,1.353628740245413e-05,7.005633559622166e-06,0.02040816326530612,0.05416666666666667,0.0,0.0,0.0,0.0,0.006781397441175897,0.006781397441175897
goldskynthe1st,0.0,0.0,0.0,0.0,0.0,0.0,8.241921834849607e-07,0.02040816326530612,0.05416666666666667,0.0,0.0,0.0,0.0,0.006779604920377843,0.006779604920377843
shoaibkakar,0.0,0.0,0.0,0.0,0.0,0.0,8.241921834849607e-07,0.02040816326530612,0.05416666666666667,0.0,0.0,0.0,0.0,0.006779604920377843,0.006779604920377843
Okechuk75016875,0.0,0.0,0.0,0.0,0.0,0.0,5.43217575478724e-07,0.02040816326530612,0.05416666666666667,0.0,0.0,0.0,0.0,0.00677957937723166,0.00677957937723166
nom_nomaste,0.0,0.0,0.0,0.0,0.0,0.0,2.997062485399857e-07,0.02040816326530612,0.05416666666666667,0.0,0.0,0.0,0.0,0.006779557239838302,0.006779557239838302
itssaintcono,0.0,0.0,0.0,0.0,0.0,0.0,9.365820266874553e-08,0.02040816326530612,0.05416666666666667,0.0,0.0,0.0,0.0,0.0067795385081977685,0.0067795385081977685
mrchow90278101,0.0,0.0,0.0,0.0,0.0,0.0,1.8731640533749106e-08,0.02040816326530612,0.05416666666666667,0.0,0.0,0.0,0.0,0.006779531696692121,0.006779531696692121
UdaySripathi,0.0,0.0,0.0,0.0,0.0,5.414514960981652e-05,4.851494898241018e-06,0.0510204081632653,0.016666666666666666,0.0,0.0,0.0,0.0,0.006158733770403638,0.006158733770403638
env_mayur,0.002032520325203252,0.0,0.0,0.0,0.0,0.0,9.365820266874553e-08,0.030612244897959183,0.03125,0.0,0.0,0.0,0.0,0.005808623534669555,0.005808623534669555
KLBretherton,0.0,0.0,0.0,0.0,0.0,2.707257480490826e-05,6.462415984143441e-06,0.030612244897959183,0.03125,0.0,0.0,0.0,0.0,0.0056268890807952944,0.0056268890807952944
cathy_bufano,0.0,0.0,0.0,0.0,0.0,0.0,3.184378890737348e-07,0.030612244897959183,0.03125,0.0,0.0,0.0,0.0,0.005623869394168024,0.005623869394168024
Pamma430,0.0,0.0,0.0,0.0,0.0,0.0,3.4091585771423374e-06,0.0510204081632653,0.004166666666666667,0.0,0.0,0.0,0.0,0.0050173167262281,0.0050173167262281
9988SARKAR,0.0,0.0,0.0,0.0,0.0,0.0,3.746328106749821e-08,0.0510204081632653,0.0020833333333333333,0.0,0.0,0.0,0.0,0.0048276162690799726,0.0048276162690799726
steveandgem,0.0,0.0,0.0,0.0,0.0,1.353628740245413e-05,9.178503861537061e-07,0.02040816326530612,0.03125,0.0,0.0,0.0,0.0,0.004697510673008612,0.004697510673008612
___mrwilliams,0.0,0.0,0.0,0.0,0.0,6.768143701227065e-06,1.0115085888224518e-06,0.02040816326530612,0.03125,0.0,0.0,0.0,0.0,0.004696903901599652,0.004696903901599652
Lori_R94,0.0,0.0,0.0,0.0,0.0,0.0,5.282322630517248e-06,0.02040816326530612,0.03125,0.0,0.0,0.0,0.0,0.004696676871630604,0.004696676871630604
WittyBitch,0.0,0.0,0.0,0.0,0.0,0.0,2.997062485399857e-06,0.02040816326530612,0.03125,0.0,0.0,0.0,0.0,0.00469646912070832,0.00469646912070832
AlexisS26424590,0.0,0.0,0.0,0.0,0.0,0.0,5.619492160124732e-08,0.02040816326530612,0.03125,0.0,0.0,0.0,0.0,0.004696201769111611,0.004696201769111611
Uber_MEX,0.0,0.0023148148148148147,0.0,0.0,1.6400219566838582e-35,0.002815547779710459,0.009100317993949194,0.030612244897959183,0.00625,0.0,0.0,0.0,0.0,0.004644811407857604,0.004644811407857604
anarain,0.0,0.0,0.0,0.0,0.0,2.707257480490826e-05,1.760774210172416e-06,0.030612244897959183,0.016666666666666666,0.0,0.0,0.0,0.0,0.004300704083058266,0.004300704083058266
travvy1212,0.0,0.0,0.0,0.0,0.0,0.0,6.181441376137204e-07,0.030612244897959183,0.016666666666666666,0.0,0.0,0.0,0.0,0.0042981390644330425,0.0042981390644330425
Dee7291983,0.0,0.0,0.0,0.0,0.0,0.0,3.184378890737348e-07,0.030612244897959183,0.016666666666666666,0.0,0.0,0.0,0.0,0.004298111818410447,0.004298111818410447
McDonaldsCanada,0.0,0.0023148148148148147,0.0,0.0,1.6400219566838582e-35,0.004683555441249129,0.0025401041145790477,0.030612244897959183,0.0020833333333333333,0.0,0.0,0.0,0.0,0.0038394593274486827,0.0038394593274486827
StuartGullick1,0.0,0.0,0.0,0.0,0.0,6.768143701227065e-06,7.679972618837133e-07,0.02040816326530612,0.016666666666666666,0.0,0.0,0.0,0.0,0.003371124188448718,0.003371124188448718
KhanShehzaad,0.0,0.0,0.0,0.0,0.0,0.0,9.365820266874553e-08,0.02040816326530612,0.016666666666666666,0.0,0.0,0.0,0.0,0.00337044759910686,0.00337044759910686
MichaelMurray07,0.0,0.0,0.0,0.0,0.0,0.0,9.365820266874553e-08,0.02040816326530612,0.016666666666666666,0.0,0.0,0.0,0.0,0.00337044759910686,0.00337044759910686
RCRRED,0.0,0.0,0.0,0.0,0.0,0.0,2.0604804587124017e-07,0.030612244897959183,0.00625,0.0,0.0,0.0,0.0,0.003351131904182278,0.003351131904182278
2376d31290e44e6,0.0,0.0,0.0,0.0,0.0,0.0,3.746328106749821e-08,0.030612244897959183,0.0020833333333333333,0.0,0.0,0.0,0.0,0.0029723286995066893,0.0029723286995066893
yanq123,0.0,0.0,0.0,0.0,0.0,0.0,0.0,0.030612244897959183,0.0020833333333333333,0.0,0.0,0.0,0.0,0.002972325293753865,0.002972325293753865
Uber_RSA,0.0,0.0023148148148148147,0.0,0.0,1.6400219566838582e-35,0.000730959519732523,0.00167700631370549,0.02040816326530612,0.00625,0.0,0.0,0.0,0.0,0.0028528130830508132,0.0028528130830508132
jamesmicheallec,0.0060975609756097554,0.0,0.0,0.0,0.0,1.353628740245413e-05,1.4535753054189306e-05,0.02040816326530612,0.004166666666666667,0.0,0.0,0.0,0.0,0.0027909511770944713,0.0027909511770944713
SuevanI,0.0,0.0,0.0,0.0,0.0,2.0304431103681193e-05,9.066114018334568e-06,0.02040816326530612,0.00625,0.0,0.0,0.0,0.0,0.0024261394373116486,0.0024261394373116486
MapleSyurpDon,0.0,0.0,0.0,0.0,0.0,0.0,5.806808565462223e-07,0.02040816326530612,0.00625,0.0,0.0,0.0,0.0,0.0024235221769238788,0.0024235221769238788
Jaya82S,0.0,0.0,0.0,0.0,0.0,0.0,1.4985312426999285e-07,0.02040816326530612,0.004166666666666667,0.0,0.0,0.0,0.0,0.00223408907137246,0.00223408907137246
lizziek9977,0.0,0.0,0.0,0.0,0.0,0.0,0.0,0.02040816326530612,0.004166666666666667,0.0,0.0,0.0,0.0,0.0022340754483611623,0.0022340754483611623
lbc24344828,0.0,0.0,0.0,0.0,0.0,0.0,0.0,0.02040816326530612,0.004166666666666667,0.0,0.0,0.0,0.0,0.0022340754483611623,0.0022340754483611623
ifaransajid,0.0,0.0,0.0,0.0,0.0,0.0,1.4554484694723056e-05,0.02040816326530612,0.0020833333333333333,0.0,0.0,0.0,0.0,0.0020460046439394705,0.0020460046439394705
DJRiddle27,0.0,0.0,0.0,0.0,0.0,6.768143701227065e-06,7.867289024174625e-07,0.02040816326530612,0.0020833333333333333,0.0,0.0,0.0,0.0,0.0020453683155675544,0.0020453683155675544
FrankieAloysius,0.0,0.0,0.0,0.0,0.0,6.768143701227065e-06,6.556074186812188e-07,0.02040816326530612,0.0020833333333333333,0.0,0.0,0.0,0.0,0.002045356395432669,0.002045356395432669
colaqveen,0.0,0.0,0.0,0.0,0.0,0.0,7.679972618837133e-07,0.02040816326530612,0.0020833333333333333,0.0,0.0,0.0,0.0,0.0020447513269001216,0.0020447513269001216
Umar_nr,0.0,0.0,0.0,0.0,0.0,0.0,4.3082773227622944e-07,0.02040816326530612,0.0020833333333333333,0.0,0.0,0.0,0.0,0.002044720675124703,0.002044720675124703
UberINSupport,0.0040650406504065045,0.006944444444444445,0.0,0.0,4.920065870051575e-35,0.00024365317324417433,0.0008199588327243334,0.0,0.0,0.0,0.0,0.0,0.0,0.001097554281892678,0.001097554281892678
